url,parent,child,depth
https://www.nseindia.com/,,,0
https://www.nseindia.com/invest/file-a-complaint-online,invest,file-a-complaint-online,2
https://www.nseindia.com/invest/investors-awareness-programs,invest,investors-awareness-programs,2
https://www.nseindia.com/products-services,,products-services,1
https://www.nseindia.com/regulations/public-notice-compulsory-delisting,regulations,public-notice-compulsory-delisting,2
https://www.nseindia.com/nse-copyright,,nse-copyright,1
https://www.nseindia.com/market-data/securities-available-for-trading,market-data,securities-available-for-trading,2
https://www.nseindia.com/invest/first-time-investor-products,invest,first-time-investor-products,2
https://www.nseindia.com/regulations/listing-compliance,regulations,listing-compliance,2
https://www.nseindia.com/market-data/stocks-in-call-auction,market-data,stocks-in-call-auction,2
https://www.nseindia.com/website-policies,,website-policies,1
https://www.nseindia.com/national-stock-exchange/about-nse-company,national-stock-exchange,about-nse-company,2
https://www.nseindia.com/regulations/public-notice,regulations,public-notice,2
https://www.nseindia.com/regulations/member-circulars-for-members,regulations,member-circulars-for-members,2
https://www.nseindia.com/products-services/mf-about-mfss,products-services,mf-about-mfss,2
https://www.nseindia.com/resources/exchange-communication-holidays,resources,exchange-communication-holidays,2
https://www.nseindia.com/market-data/eod-historical-data-subscription,market-data,eod-historical-data-subscription,2
https://www.nseindia.com/feedback/new,feedback,new,2
https://www.nseindia.com/companies-listing/raising-capital-onboarding-process,companies-listing,raising-capital-onboarding-process,2
https://www.nseindia.com/companies-listing/compliance-information-compliance-calendar-main-board,companies-listing,compliance-information-compliance-calendar-main-board,2
https://www.nseindia.com/invest/find-a-stock-broker,invest,find-a-stock-broker,2
https://www.nseindia.com/national-stock-exchange/nse-volume-business-growth,national-stock-exchange,nse-volume-business-growth,2
https://www.nseindia.com/trade/members-compliance,trade,members-compliance,2
https://www.nseindia.com/resources/insights-lecture-series-ongoing,resources,insights-lecture-series-ongoing,2
https://www.nseindia.com/products-services/about-corporate-bonds,products-services,about-corporate-bonds,2
https://www.nseindia.com/resources/exchange-communication-media-queries,resources,exchange-communication-media-queries,2
https://www.nseindia.com/market-data/live-equity-market?symbol=NIFTY%20NEXT%2050,market-data,live-equity-market,2
https://www.nseindia.com/resources/exchange-communication-media-center,resources,exchange-communication-media-center,2
https://www.nseindia.com/invest/investors-home,invest,investors-home,2
https://www.nseindia.com/invest/first-time-investor-trade-verification,invest,first-time-investor-trade-verification,2
https://www.nseindia.com/companies-listing/corporate-filings-application,companies-listing,corporate-filings-application,2
https://www.nseindia.com/companies-listing/circular-for-listed-companies-debt-market,companies-listing,circular-for-listed-companies-debt-market,2
https://www.nseindia.com/trade/membership-formats,trade,membership-formats,2
https://www.nseindia.com/invest/company-listing-directory-resources-for-investors,invest,company-listing-directory-resources-for-investors,2
https://www.nseindia.com/companies-listing/raising-capital-mutual-funds-etfs-process,companies-listing,raising-capital-mutual-funds-etfs-process,2
https://www.nseindia.com/trade/membership-types,trade,membership-types,2
https://www.nseindia.com/trade/deposits-networth-requirements-for-membership,trade,deposits-networth-requirements-for-membership,2
https://www.nseindia.com/nse-indices,,nse-indices,1
https://www.nseindia.com/products-services/about-equity-derivatives,products-services,about-equity-derivatives,2
https://www.nseindia.com/learn/academic-calendar,learn,academic-calendar,2
https://www.nseindia.com/learn/process-to-register-ncfm-nse-certification-in-financial-markets,learn,process-to-register-ncfm-nse-certification-in-financial-markets,2
https://www.nseindia.com/invest/about-arbitration,invest,about-arbitration,2
https://www.nseindia.com/companies-listing/corporate-filings-financial-results,companies-listing,corporate-filings-financial-results,2
https://www.nseindia.com/all-reports,,all-reports,1
https://www.nseindia.com/companies-listing/corporate-filings-directory,companies-listing,corporate-filings-directory,2
https://www.nseindia.com/trade/membership-suspension-expulsion,trade,membership-suspension-expulsion,2
https://www.nseindia.com/companies-listing/corporate-filings-announcements,companies-listing,corporate-filings-announcements,2
https://www.nseindia.com/trade/platform-services-connectivity,trade,platform-services-connectivity,2
https://www.nseindia.com/market-data/data-subscription-fees,market-data,data-subscription-fees,2
https://www.nseindia.com/learn/post-graduate-program-full-time,learn,post-graduate-program-full-time,2
https://www.nseindia.com/all-reports-derivatives,,all-reports-derivatives,1
https://www.nseindia.com/products-services/about-indices,products-services,about-indices,2
https://www.nseindia.com/market-data/most-active-contracts,market-data,most-active-contracts,2
https://www.nseindia.com/nse-international-exchange/about,nse-international-exchange,about,2
https://www.nseindia.com/learn/recorded-courses,learn,recorded-courses,2
https://www.nseindia.com/market-data/analysis-and-tools-capital-market-snapshot,market-data,analysis-and-tools-capital-market-snapshot,2
https://www.nseindia.com/regulations/member-sebi-debarred-entities,regulations,member-sebi-debarred-entities,2
https://www.nseindia.com/submit-tipoff,,submit-tipoff,1
https://www.nseindia.com/products-services/about-equity-market,products-services,about-equity-market,2
https://www.nseindia.com/resources/historical-reports-capital-market-daily-monthly-archives,resources,historical-reports-capital-market-daily-monthly-archives,2
https://www.nseindia.com/event-gallery,,event-gallery,1
https://www.nseindia.com/market-data/legend-of-series,market-data,legend-of-series,2
https://www.nseindia.com/companies-listing/raising-capital-further-issues-main-sme-checklist,companies-listing,raising-capital-further-issues-main-sme-checklist,2
https://www.nseindia.com/sitemap,,sitemap,1
https://www.nseindia.com/invest/first-time-investor-getting-started,invest,first-time-investor-getting-started,2
https://www.nseindia.com/market-data/live-equity-market?symbol=NIFTY%2050,market-data,live-equity-market,2
https://www.nseindia.com/resources/forms-formats-members,resources,forms-formats-members,2
https://www.nseindia.com/nse-disclaimer,,nse-disclaimer,1
https://www.nseindia.com/regulations/exchange-market-regulations-rules-byelaws-nseil,regulations,exchange-market-regulations-rules-byelaws-nseil,2
https://www.nseindia.com/trade/members-homepage,trade,members-homepage,2
https://www.nseindia.com/investor-relations/announcements,investor-relations,announcements,2
https://www.nseindia.com/products-services/currency-derivatives-contact-specification-cross-currency,products-services,currency-derivatives-contact-specification-cross-currency,2
https://www.nseindia.com/learn/overview-about-nse-academy,learn,overview-about-nse-academy,2
https://www.nseindia.com/invest/investors-regulatory-actions,invest,investors-regulatory-actions,2
https://www.nseindia.com/all-reports/historical-equities-fii-fpi-dii-trading-activity,all-reports,historical-equities-fii-fpi-dii-trading-activity,2
https://www.nseindia.com/market-data/securities-lending-and-borrowing,market-data,securities-lending-and-borrowing,2
https://www.nseindia.com/companies-listing/xbrl-information,companies-listing,xbrl-information,2
https://www.nseindia.com/nse-academy/nse-academy-overview,nse-academy,nse-academy-overview,2
https://www.nseindia.com/trade/platform-services-test-market-facility,trade,platform-services-test-market-facility,2
https://www.nseindia.com/products-services/emerge-platform-about-sme,products-services,emerge-platform-about-sme,2
https://www.nseindia.com/market-data/corporate-data-subscription,market-data,corporate-data-subscription,2
https://www.nseindia.com/market-data/commodity-derivatives,market-data,commodity-derivatives,2
https://www.nseindia.com/nse-terms-of-use,,nse-terms-of-use,1
https://www.nseindia.com/regulations/list-complaint-status-against-companies-report,regulations,list-complaint-status-against-companies-report,2
https://www.nseindia.com/regulations/unsolicited-messages-report,regulations,unsolicited-messages-report,2
https://www.nseindia.com/resources/exchange-communication-circulars,resources,exchange-communication-circulars,2
https://www.nseindia.com/market-data/equity-derivatives-watch,market-data,equity-derivatives-watch,2
https://www.nseindia.com/ChartApp/install/charts/mainpage.jsp,charts,mainpage.jsp,4
https://www.nseindia.com/resources/exchange-communication-press-releases,resources,exchange-communication-press-releases,2
https://www.nseindia.com/learn/nse-knowledge-hub,learn,nse-knowledge-hub,2
https://www.nseindia.com/nseint_clearing/nse-international-clearing-overview,nseint_clearing,nse-international-clearing-overview,2
https://www.nseindia.com/products-services/about-currency-derivatives,products-services,about-currency-derivatives,2
https://www.nseindia.com/market-data/live-market-indices,market-data,live-market-indices,2
https://www.nseindia.com/invest/process-of-making-a-complaint,invest,process-of-making-a-complaint,2
https://www.nseindia.com/regulations/exchange-disclosures-nsccl-iosco-core-sgf-default-waterfall,regulations,exchange-disclosures-nsccl-iosco-core-sgf-default-waterfall,2
https://www.nseindia.com/companies-listing/corporate-filings-event-calendar?days=today,companies-listing,corporate-filings-event-calendar,2
https://www.nseindia.com/national-stock-exchange/our-group,national-stock-exchange,our-group,2
https://www.nseindia.com/invest/first-time-investor-give-feedback,invest,first-time-investor-give-feedback,2
https://www.nseindia.com/resources/publications-indian-securities-ismr,resources,publications-indian-securities-ismr,2
https://www.nseindia.com/learn/self-study-ncfm-modules-all,learn,self-study-ncfm-modules-all,2
https://www.nseindia.com/nsetech,,nsetech,1
https://www.nseindia.com/resources/insights-panel-discussions-seminars-corporate-governance,resources,insights-panel-discussions-seminars-corporate-governance,2
https://www.nseindia.com/market-data/all-upcoming-issues-ipo,market-data,all-upcoming-issues-ipo,2
https://www.nseindia.com/market-data/live-equity-market,market-data,live-equity-market,2
https://www.nseindia.com/companies-listing/corporate-filings-actions,companies-listing,corporate-filings-actions,2
https://www.nseindia.com/market-timings-holidays/contingency-drill-calendar,market-timings-holidays,contingency-drill-calendar,2
https://www.nseindia.com/learn/courses-for-under-graduates,learn,courses-for-under-graduates,2
https://www.nseindia.com/companies-listing/listing-processing-fees-for-equity-segment,companies-listing,listing-processing-fees-for-equity-segment,2
https://www.nseindia.com/companies-listing/corporate-filings-board-meetings,companies-listing,corporate-filings-board-meetings,2
https://www.nseindia.com/resources/insights-working-paper-series,resources,insights-working-paper-series,2
https://www.nseindia.com/market-data/liquidity-enhancement-scheme,market-data,liquidity-enhancement-scheme,2
https://www.nseindia.com/trade/platform-services-non-neat-front-end,trade,platform-services-non-neat-front-end,2
https://www.nseindia.com/trade/members-change-in-name,trade,members-change-in-name,2
https://www.nseindia.com/regulations/list-of-companies-proposed-to-be-delisted,regulations,list-of-companies-proposed-to-be-delisted,2
https://www.nseindia.com/learn/interactive-courses,learn,interactive-courses,2
https://www.nseindia.com/invest/download-complaint-form-for-offline-registration,invest,download-complaint-form-for-offline-registration,2
https://www.nseindia.com/companies-listing/raising-capital-public-issues-eligibility-equity-debt,companies-listing,raising-capital-public-issues-eligibility-equity-debt,2
https://www.nseindia.com/market-data/new-stock-exchange-listings-today,market-data,new-stock-exchange-listings-today,2
https://www.nseindia.com/all-reports-debt,,all-reports-debt,1
https://www.nseindia.com/nse-investments,,nse-investments,1
https://www.nseindia.com/contact/corporate-office,contact,corporate-office,2
https://www.nseindia.com/option-chain,,option-chain,1
https://www.nseindia.com/learn/courses-for-working-professionals,learn,courses-for-working-professionals,2
https://www.nseindia.com/companies-listing/sebi-regulations,companies-listing,sebi-regulations,2
https://www.nseindia.com/national-stock-exchange/awards-recognition,national-stock-exchange,awards-recognition,2
https://www.nseindia.com/market-data/live-equity-market?symbol=NIFTY%20AUTO,market-data,live-equity-market,2
https://www.nseindia.com/nseit,,nseit,1
https://www.nseindia.com/regulations/exchange-defaulting-clients,regulations,exchange-defaulting-clients,2
https://www.nseindia.com/regulations/exchange-market-surveillance-actions,regulations,exchange-market-surveillance-actions,2
https://www.nseindia.com/trade/membership-using-enit,trade,membership-using-enit,2
https://www.nseindia.com/structure-key-personnel/corporate-structure,structure-key-personnel,corporate-structure,2
https://www.nseindia.com/products-services/about-commodity-derivatives,products-services,about-commodity-derivatives,2
https://www.nseindia.com/nse-data-and-analytics,,nse-data-and-analytics,1
https://www.nseindia.com/companies-listing/circular-for-listed-companies-equity-market,companies-listing,circular-for-listed-companies-equity-market,2
https://www.nseindia.com/invest/exit-option-for-share-holders,invest,exit-option-for-share-holders,2
https://www.nseindia.com/market-data/live-equity-market?symbol=NIFTY%20MIDCAP%2050,market-data,live-equity-market,2
https://www.nseindia.com/market-data/non-display-data,market-data,non-display-data,2
https://www.nseindia.com/trade/member-services-help-guide,trade,member-services-help-guide,2
https://www.nseindia.com/invest/first-time-investor-stamp-duty-charges-taxes,invest,first-time-investor-stamp-duty-charges-taxes,2
https://www.nseindia.com/learn/ncfm-prepare-for-a-test,learn,ncfm-prepare-for-a-test,2
https://www.nseindia.com/market-data/analytical-products,market-data,analytical-products,2
https://www.nseindia.com/companies-listing/corporate-filings-shareholding-pattern,companies-listing,corporate-filings-shareholding-pattern,2
https://www.nseindia.com/trade/admission-process-documents-to-become-a-member,trade,admission-process-documents-to-become-a-member,2
https://www.nseindia.com/nse-clearing,,nse-clearing,1
https://www.nseindia.com/invest/first-time-investor-foreign-investment-limits,invest,first-time-investor-foreign-investment-limits,2
https://www.nseindia.com/contact/contact-us,contact,contact-us,2
https://www.nseindia.com/nse-foundation/about-us,nse-foundation,about-us,2
https://www.nseindia.com/regulations/queries-raised-to-listed-companies,regulations,queries-raised-to-listed-companies,2
https://www.nseindia.com/invest/complaint-arbitration-status,invest,complaint-arbitration-status,2
https://www.nseindia.com/learn/nse-management-development-program,learn,nse-management-development-program,2
https://www.nseindia.com/careers-at-nse,,careers-at-nse,1
https://www.nseindia.com/regulations/exchange-market-surveillance-regulatory-actions,regulations,exchange-market-surveillance-regulatory-actions,2
https://www.nseindia.com/invest/about-defaulter-section,invest,about-defaulter-section,2
https://www.nseindia.com/market-data/pre-open-market-cm-and-emerge-market,market-data,pre-open-market-cm-and-emerge-market,2
https://www.nseindia.com/resources/research-initiative-financial-market-nse-nyu,resources,research-initiative-financial-market-nse-nyu,2
https://www.nseindia.com/market-data/live-equity-market?symbol=NIFTY%20BANK,market-data,live-equity-market,2
https://www.nseindia.com/invest/investor-service-cells-committees-panel,invest,investor-service-cells-committees-panel,2
https://www.nseindia.com/trade/platform-services-neat-trading-system,trade,platform-services-neat-trading-system,2
https://www.nseindia.com/products-services/about-initial-public-offerings,products-services,about-initial-public-offerings,2
https://www.nseindia.com/learn/courses-for-dealers,learn,courses-for-dealers,2
https://www.nseindia.com/products-services/about-interest-rate-derivatives,products-services,about-interest-rate-derivatives,2
https://www.nseindia.com/market-data/bonds-traded-in-capital-market,market-data,bonds-traded-in-capital-market,2
https://www.nseindia.com/market-data/real-time-data-subscription,market-data,real-time-data-subscription,2
https://www.nseindia.com/learn/visit-nse-program,learn,visit-nse-program,2
https://www.nseindia.com/market-data/securities-information-contracts-available-for-trading,market-data,securities-information-contracts-available-for-trading,2
https://www.nseindia.com/regulation,,regulation,1
https://www.nseindia.com/market-data/price-bands-surveillance-actions,market-data,price-bands-surveillance-actions,2
https://www.nseindia.com/learn/class-room-courses,learn,class-room-courses,2
https://www.nseindia.com/companies-listing/raising-capital-public-issues-listing-on-emerge,companies-listing,raising-capital-public-issues-listing-on-emerge,2
https://www.nseindia.com/invest/first-time-investor-know-your-rights,invest,first-time-investor-know-your-rights,2
https://www.nseindia.com/companies-listing/raising-capital-debt-private-placement,companies-listing,raising-capital-debt-private-placement,2
https://www.nseindia.com/products-services/initial-public-offerings-user-hierarchy,products-services,initial-public-offerings-user-hierarchy,2
https://www.nseindia.com/learn/self-study-ncfm-modules-advanced-algorithmic-trading-module,learn,self-study-ncfm-modules-advanced-algorithmic-trading-module,2
https://www.nseindia.com/regulations/exchange-disclosures-nse-business-responsibility-report,regulations,exchange-disclosures-nse-business-responsibility-report,2
https://www.nseindia.com/nseint_clearing/nse-international-clearing-clearing-settlement,nseint_clearing,nse-international-clearing-clearing-settlement,2
https://www.nseindia.com/products-services/tri-party-repo-settlement,products-services,tri-party-repo-settlement,2
https://www.nseindia.com/learn/partner-programs-smart-trader-commodity-and-currency-programme,learn,partner-programs-smart-trader-commodity-and-currency-programme,2
https://www.nseindia.com/products-services/equity-derivatives-clearing-settlement,products-services,equity-derivatives-clearing-settlement,2
https://www.nseindia.com/products-services/offer-for-sale-announcement,products-services,offer-for-sale-announcement,2
https://www.nseindia.com/nsetech/financial-information-disclosures,nsetech,financial-information-disclosures,2
https://www.nseindia.com/learn/self-study-ncfm-modules-intermediate-nse-certified-quality-analyst-module,learn,self-study-ncfm-modules-intermediate-nse-certified-quality-analyst-module,2
https://www.nseindia.com/reports/rumour-verification,reports,rumour-verification,2
https://www.nseindia.com/learn/model-tests,learn,model-tests,2
https://www.nseindia.com/products-services/equity-derivatives-liquid-assets,products-services,equity-derivatives-liquid-assets,2
https://www.nseindia.com/nseint_clearing/nse-international-clearing-notifications,nseint_clearing,nse-international-clearing-notifications,2
https://www.nseindia.com/products-services/corporate-bonds-clearing-settlement,products-services,corporate-bonds-clearing-settlement,2
https://www.nseindia.com/trade/test-market-environment-for-members-faqs,trade,test-market-environment-for-members-faqs,2
https://www.nseindia.com/india-etf-conference-2018,,india-etf-conference-2018,1
https://www.nseindia.com/learn/self-study-ncfm-modules-intermediate-dealers-modules,learn,self-study-ncfm-modules-intermediate-dealers-modules,2
https://www.nseindia.com/resources/exchange-communication-media-center-archives,resources,exchange-communication-media-center-archives,2
https://www.nseindia.com/trade/membership-default-declaration,trade,membership-default-declaration,2
https://www.nseindia.com/nse-foundation/event-gallery,nse-foundation,event-gallery,2
https://www.nseindia.com/trade/platform-services-co-location-facility,trade,platform-services-co-location-facility,2
https://www.nseindia.com/products-services/commodity-derivatives-trading-locations,products-services,commodity-derivatives-trading-locations,2
https://www.nseindia.com/learn/self-study-ncfm-modules-advanced-modules,learn,self-study-ncfm-modules-advanced-modules,2
https://www.nseindia.com/products-services/currency-derivatives-penalties,products-services,currency-derivatives-penalties,2
https://www.nseindia.com/investor-relations/board-meetings,investor-relations,board-meetings,2
https://www.nseindia.com/products-services/commodity-derivatives-risk-management,products-services,commodity-derivatives-risk-management,2
https://www.nseindia.com/resources/research-initiative-financial-market-nse-awards,resources,research-initiative-financial-market-nse-awards,2
https://www.nseindia.com/companies-listing/corporate-filings-daily-buy-back,companies-listing,corporate-filings-daily-buy-back,2
https://www.nseindia.com/products-services/equity-derivatives-corporate-actions-adjustments,products-services,equity-derivatives-corporate-actions-adjustments,2
https://www.nseindia.com/products-services/commodity-derivatives-margins,products-services,commodity-derivatives-margins,2
https://www.nseindia.com/products-services/corporate-bonds-clearing-settlement-reports,products-services,corporate-bonds-clearing-settlement-reports,2
https://www.nseindia.com/invest/arbitration-awards,invest,arbitration-awards,2
https://www.nseindia.com/nse-data-and-analytics/data-information-vending,nse-data-and-analytics,data-information-vending,2
https://www.nseindia.com/products-services/emerge-sme-market-makers,products-services,emerge-sme-market-makers,2
https://www.nseindia.com/products-services/interest-rate-derivatives-settlement-mechanism,products-services,interest-rate-derivatives-settlement-mechanism,2
https://www.nseindia.com/nse-clearing/connect-2-nse,nse-clearing,connect-2-nse,2
https://www.nseindia.com/products-services/indices-niftylargemidcap250-index,products-services,indices-niftylargemidcap250-index,2
https://www.nseindia.com/products-services/equity-derivatives-clearing-mechanism,products-services,equity-derivatives-clearing-mechanism,2
https://www.nseindia.com/trade/platform-services-non-neat-internet-based-training,trade,platform-services-non-neat-internet-based-training,2
https://www.nseindia.com/trade/membership-stamp-duty,trade,membership-stamp-duty,2
https://www.nseindia.com/products-services/corporate-bonds-settlement-schedule,products-services,corporate-bonds-settlement-schedule,2
https://www.nseindia.com/learn/self-study-ncfm-modules-foundation-mutual-funds,learn,self-study-ncfm-modules-foundation-mutual-funds,2
https://www.nseindia.com/learn/test-details,learn,test-details,2
https://www.nseindia.com/products-services/commodity-derivatives-trading-system,products-services,commodity-derivatives-trading-system,2
https://www.nseindia.com/learn/classroom-courses-certifications-option-strategies,learn,classroom-courses-certifications-option-strategies,2
https://www.nseindia.com/products-services/emerge-institutional-trading-platform-market-segment,products-services,emerge-institutional-trading-platform-market-segment,2
https://www.nseindia.com/products-services/indices-fixed-income-corporate-bond-indices,products-services,indices-fixed-income-corporate-bond-indices,2
https://www.nseindia.com/nse-foundation/nse-philosophy,nse-foundation,nse-philosophy,2
https://www.nseindia.com/products-services/equity-market-voluntary-close-out,products-services,equity-market-voluntary-close-out,2
https://www.nseindia.com/products-services/non-competitive-bidding-key-features,products-services,non-competitive-bidding-key-features,2
https://www.nseindia.com/nse-clearing/clearing-members,nse-clearing,clearing-members,2
https://www.nseindia.com/products-services/mf-trading-using-neat,products-services,mf-trading-using-neat,2
https://www.nseindia.com/companies-listing/raising-capital-listing-benefits,companies-listing,raising-capital-listing-benefits,2
https://www.nseindia.com/invest/glossary,invest,glossary,2
https://www.nseindia.com/products-services/indices-niftymidcap50-index,products-services,indices-niftymidcap50-index,2
https://www.nseindia.com/nse-data-and-analytics/financial-information-disclosures,nse-data-and-analytics,financial-information-disclosures,2
https://www.nseindia.com/products-services/indices-fixed-income-money-market-indices,products-services,indices-fixed-income-money-market-indices,2
https://www.nseindia.com/products-services/commodity-derivatives-spot-price-polling-mechanism,products-services,commodity-derivatives-spot-price-polling-mechanism,2
https://www.nseindia.com/investor-relations/shareholders-meetings,investor-relations,shareholders-meetings,2
https://www.nseindia.com/all-reports/commodity-compliance-reports,all-reports,commodity-compliance-reports,2
https://www.nseindia.com/careers-at-nse/jobs,careers-at-nse,jobs,2
https://www.nseindia.com/learn/self-study-ncfm-modules-foundation-equity-derivatives,learn,self-study-ncfm-modules-foundation-equity-derivatives,2
https://www.nseindia.com/products-services/currency-derivatives-clearing-mechanism,products-services,currency-derivatives-clearing-mechanism,2
https://www.nseindia.com/learn/self-study-ncfm-modules-intermediate-wealth-management-module,learn,self-study-ncfm-modules-intermediate-wealth-management-module,2
https://www.nseindia.com/nseint_clearing/nse-international-clearing-financial-information,nseint_clearing,nse-international-clearing-financial-information,2
https://www.nseindia.com/nse-investments/board-of-directors,nse-investments,board-of-directors,2
https://www.nseindia.com/learn/test-centres,learn,test-centres,2
https://www.nseindia.com/reports/gsm,reports,gsm,2
https://www.nseindia.com/resources/research-initiative-corporate-governance-nse-iim-bangalore,resources,research-initiative-corporate-governance-nse-iim-bangalore,2
https://www.nseindia.com/nse-indices/contact-us,nse-indices,contact-us,2
https://www.nseindia.com/nsccl-nse-clearing/clearing-settlement,nsccl-nse-clearing,clearing-settlement,2
https://www.nseindia.com/products-services/slbs-clearing-settlement-eligible-securities,products-services,slbs-clearing-settlement-eligible-securities,2
https://www.nseindia.com/resources/research-initiative-financial-market-past,resources,research-initiative-financial-market-past,2
https://www.nseindia.com/products-services/commodity-derivatives-clearing-settlement,products-services,commodity-derivatives-clearing-settlement,2
https://www.nseindia.com/companies-listing/listing-processing-fees-for-private-debt-placement,companies-listing,listing-processing-fees-for-private-debt-placement,2
https://www.nseindia.com/products-services/equity-market-special-pre-open-session,products-services,equity-market-special-pre-open-session,2
https://www.nseindia.com/market-data/capital-turnover-business-growth,market-data,capital-turnover-business-growth,2
https://www.nseindia.com/learn/nse-educational-programs,learn,nse-educational-programs,2
https://www.nseindia.com/products-services/equity-derivatives-contract-specifications,products-services,equity-derivatives-contract-specifications,2
https://www.nseindia.com/trade/membership-cyber-security,trade,membership-cyber-security,2
https://www.nseindia.com/products-services/equity-market-pre-open,products-services,equity-market-pre-open,2
https://www.nseindia.com/structure-and-key-personnel/management,structure-and-key-personnel,management,2
https://www.nseindia.com/learn/certification-nse-academy-certified-market-professional-ncmp,learn,certification-nse-academy-certified-market-professional-ncmp,2
https://www.nseindia.com/products-services/indices-niftymidcap150-index,products-services,indices-niftymidcap150-index,2
https://www.nseindia.com/companies-listing/raising-capital-public-issues-invit-process,companies-listing,raising-capital-public-issues-invit-process,2
https://www.nseindia.com/products-services/negotiated-trade-reporting-platform-brokerage-rates,products-services,negotiated-trade-reporting-platform-brokerage-rates,2
https://www.nseindia.com/trade/members-compliance-handbook,trade,members-compliance-handbook,2
https://www.nseindia.com/products-services/equity-derivatives-settlement-schedule,products-services,equity-derivatives-settlement-schedule,2
https://www.nseindia.com/trade/members-faqs-margin-collection-and-reporting,trade,members-faqs-margin-collection-and-reporting,2
https://www.nseindia.com/products-services/etfs-gold,products-services,etfs-gold,2
https://www.nseindia.com/products-services/commodity-derivatives-voluntary-close-out-facility,products-services,commodity-derivatives-voluntary-close-out-facility,2
https://www.nseindia.com/invest/exit-option-for-share-holders-security-information,invest,exit-option-for-share-holders-security-information,2
https://www.nseindia.com/products-services/innovators-growth-platform-checklist-for-accredited-investors,products-services,innovators-growth-platform-checklist-for-accredited-investors,2
https://www.nseindia.com/reports/price-band-changes,reports,price-band-changes,2
https://www.nseindia.com/nse-clearing/contact-us,nse-clearing,contact-us,2
https://www.nseindia.com/products-services/equity-derivatives-niftyit,products-services,equity-derivatives-niftyit,2
https://www.nseindia.com/products-services/equity-market-margin-shortfall,products-services,equity-market-margin-shortfall,2
https://www.nseindia.com/products-services/emerge-nse-nmf-help-videos,products-services,emerge-nse-nmf-help-videos,2
https://www.nseindia.com/learn/online-courses-certifications-recorded-fundamental-analysis-for-equity,learn,online-courses-certifications-recorded-fundamental-analysis-for-equity,2
https://www.nseindia.com/products-services/about-non-competitive-bidding,products-services,about-non-competitive-bidding,2
https://www.nseindia.com/products-services/equity-market-margin-institutional-deals,products-services,equity-market-margin-institutional-deals,2
https://www.nseindia.com/market-data/sovereign-gold-bond,market-data,sovereign-gold-bond,2
https://www.nseindia.com/products-services/equity-market-computer-to-computer-link-trading-ctcl,products-services,equity-market-computer-to-computer-link-trading-ctcl,2
https://www.nseindia.com/products-services/commodity-derivatives-products,products-services,commodity-derivatives-products,2
https://www.nseindia.com/invest/first-time-investor-fraud-dos-and-donts,invest,first-time-investor-fraud-dos-and-donts,2
https://www.nseindia.com/products-services/tri-party-repo-participants-eligibility,products-services,tri-party-repo-participants-eligibility,2
https://www.nseindia.com/nse-clearing/guarantee,nse-clearing,guarantee,2
https://www.nseindia.com/nse-international-exchange/membership-structure,nse-international-exchange,membership-structure,2
https://www.nseindia.com/products-services/commodity-derivatives-contract-specifications-energy,products-services,commodity-derivatives-contract-specifications-energy,2
https://www.nseindia.com/products-services/traded-on-cm,products-services,traded-on-cm,2
https://www.nseindia.com/learn/classroom-courses-certifications-technical-analysis,learn,classroom-courses-certifications-technical-analysis,2
https://www.nseindia.com/trade/membership-eligibility-criteria,trade,membership-eligibility-criteria,2
https://www.nseindia.com/products-services/emerge-sme-trading-lots,products-services,emerge-sme-trading-lots,2
https://www.nseindia.com/products-services/equity-derivatives-pc-span,products-services,equity-derivatives-pc-span,2
https://www.nseindia.com/companies-listing/corporate-filings-share-transfers,companies-listing,corporate-filings-share-transfers,2
https://www.nseindia.com/regulations/exchange-disclosures-details-of-vigil-mechanism,regulations,exchange-disclosures-details-of-vigil-mechanism,2
https://www.nseindia.com/products-services/equity-market-trading,products-services,equity-market-trading,2
https://www.nseindia.com/invest/new-arbitration-awards,invest,new-arbitration-awards,2
https://www.nseindia.com/dr-r-h-patil-memorial-lecture-2019,,dr-r-h-patil-memorial-lecture-2019,1
https://www.nseindia.com/learn/self-study-ncfm-modules-foundation-interest-rate-derivatives,learn,self-study-ncfm-modules-foundation-interest-rate-derivatives,2
https://www.nseindia.com/dr-r-h-patil-memorial-lecture-2018,,dr-r-h-patil-memorial-lecture-2018,1
https://www.nseindia.com/trade/members-faqs-nri-trading-account,trade,members-faqs-nri-trading-account,2
https://www.nseindia.com/products-services/emerge-feedback,products-services,emerge-feedback,2
https://www.nseindia.com/products-services/interest-rate-derivatives-risk-management,products-services,interest-rate-derivatives-risk-management,2
https://www.nseindia.com/nse-clearing/interoperability-circulars,nse-clearing,interoperability-circulars,2
https://www.nseindia.com/products-services/interest-rate-derivatives-data-reports-download,products-services,interest-rate-derivatives-data-reports-download,2
https://www.nseindia.com/nse-clearing/company-secretary,nse-clearing,company-secretary,2
https://www.nseindia.com/structure-and-key-personnel/committees-under-regulation,structure-and-key-personnel,committees-under-regulation,2
https://www.nseindia.com/companies-listing/raising-capital-public-issues-emerge-eligibility-criteria,companies-listing,raising-capital-public-issues-emerge-eligibility-criteria,2
https://www.nseindia.com/trade/members-sebi-turnover-fees,trade,members-sebi-turnover-fees,2
https://www.nseindia.com/invest/first-time-investor-opening-an-account,invest,first-time-investor-opening-an-account,2
https://www.nseindia.com/learn/self-study-ncfm-modules-intermediate-derivatives-market,learn,self-study-ncfm-modules-intermediate-derivatives-market,2
https://www.nseindia.com/products-services/indices-price-earnings-ratio,products-services,indices-price-earnings-ratio,2
https://www.nseindia.com/products-services/equity-derivatives-niftycpse,products-services,equity-derivatives-niftycpse,2
https://www.nseindia.com/products-services/non-competitive-bidding-e-gsec,products-services,non-competitive-bidding-e-gsec,2
https://www.nseindia.com/listing-opening-bells-events,,listing-opening-bells-events,1
https://www.nseindia.com/products-services/tri-party-repo-parameters,products-services,tri-party-repo-parameters,2
https://www.nseindia.com/learn/online-courses-certifications-advance-technical-analysis,learn,online-courses-certifications-advance-technical-analysis,2
https://www.nseindia.com/products-services/currency-derivatives-liquid-assets,products-services,currency-derivatives-liquid-assets,2
https://www.nseindia.com/nse-investments/contact-us,nse-investments,contact-us,2
https://www.nseindia.com/resources/research-initiative-financial-market-nse-iff,resources,research-initiative-financial-market-nse-iff,2
https://www.nseindia.com/products-services/initial-public-offerings-issuers,products-services,initial-public-offerings-issuers,2
https://www.nseindia.com/products-services/equity-derivatives-niftymidcap50,products-services,equity-derivatives-niftymidcap50,2
https://www.nseindia.com/learn/executive-mba-financial-markets,learn,executive-mba-financial-markets,2
https://www.nseindia.com/products-services/emerge-sme-market-makers-registration-process,products-services,emerge-sme-market-makers-registration-process,2
https://www.nseindia.com/hyperlinking-policy,,hyperlinking-policy,1
https://www.nseindia.com/nse-clearing/pfmi-disclosures,nse-clearing,pfmi-disclosures,2
https://www.nseindia.com/products-services/commodity-derivatives-commodity-transaction-tax,products-services,commodity-derivatives-commodity-transaction-tax,2
https://www.nseindia.com/products-services/indices-nifty50-index,products-services,indices-nifty50-index,2
https://www.nseindia.com/products-services/equity-derivatives-voluntary-close-out-facility,products-services,equity-derivatives-voluntary-close-out-facility,2
https://www.nseindia.com/trade/activation-of-scenario-faqs,trade,activation-of-scenario-faqs,2
https://www.nseindia.com/products-services/equity-market-funds-settlement,products-services,equity-market-funds-settlement,2
https://www.nseindia.com/products-services/mf-operating-guidelines,products-services,mf-operating-guidelines,2
https://www.nseindia.com/products-services/etfs-advantages,products-services,etfs-advantages,2
https://www.nseindia.com/learn/process-to-register-ncfm-enrollment,learn,process-to-register-ncfm-enrollment,2
https://www.nseindia.com/products-services/indices-niftysmallcap100-index,products-services,indices-niftysmallcap100-index,2
https://www.nseindia.com/products-services/initial-public-offerings-procedures,products-services,initial-public-offerings-procedures,2
https://www.nseindia.com/market-data/volume-gainers-spurts,market-data,volume-gainers-spurts,2
https://www.nseindia.com/learn/classroom-courses-certifications-currency-and-commodities,learn,classroom-courses-certifications-currency-and-commodities,2
https://www.nseindia.com/products-services/initial-public-offerings-order-book,products-services,initial-public-offerings-order-book,2
https://www.nseindia.com/trade/members-change-in-clearing,trade,members-change-in-clearing,2
https://www.nseindia.com/trade/platform-services-neat-trading-system-nse-schematic,trade,platform-services-neat-trading-system-nse-schematic,2
https://www.nseindia.com/products-services/innovators-growth-platform-eligibility-criteria,products-services,innovators-growth-platform-eligibility-criteria,2
https://www.nseindia.com/products-services/indices-fixed-income-target-maturity-indices,products-services,indices-fixed-income-target-maturity-indices,2
https://www.nseindia.com/learn/self-study-ncfm-modules-intermediate-treasury-management-module,learn,self-study-ncfm-modules-intermediate-treasury-management-module,2
https://www.nseindia.com/products-services/about-electronic-bidding-platform/documents-for-ncd-issues,about-electronic-bidding-platform,documents-for-ncd-issues,3
https://www.nseindia.com/products-services/about-negotiated-trade-reporting-platform,products-services,about-negotiated-trade-reporting-platform,2
https://www.nseindia.com/products-services/commodity-derivatives-contract-information,products-services,commodity-derivatives-contract-information,2
https://www.nseindia.com/careers-at-nse/life,careers-at-nse,life,2
https://www.nseindia.com/products-services/slbs-collateral-deposits,products-services,slbs-collateral-deposits,2
https://www.nseindia.com/nse-international-exchange/capital-structure,nse-international-exchange,capital-structure,2
https://www.nseindia.com/investor-relations/financials,investor-relations,financials,2
https://www.nseindia.com/companies-listing/raising-capital-public-issues-emerge-requirements-and-process,companies-listing,raising-capital-public-issues-emerge-requirements-and-process,2
https://www.nseindia.com/learn/register-as-visiting-faculty-subject-matter-expert,learn,register-as-visiting-faculty-subject-matter-expert,2
https://www.nseindia.com/regulations/exchange-market-surveillance-actions-tt-schedule,regulations,exchange-market-surveillance-actions-tt-schedule,2
https://www.nseindia.com/invest/complaint-not-taken-at-exchange,invest,complaint-not-taken-at-exchange,2
https://www.nseindia.com/products-services/equity-derivatives-data-reports-download,products-services,equity-derivatives-data-reports-download,2
https://www.nseindia.com/learn/online-courses-certifications-recorded-options-trading-strategies,learn,online-courses-certifications-recorded-options-trading-strategies,2
https://www.nseindia.com/careers-at-national-stock-exchange/equal-opportunity-employer-policy,careers-at-national-stock-exchange,equal-opportunity-employer-policy,2
https://www.nseindia.com/learn/self-study-ncfm-modules-intermediate-macroeconomics-for-financial-markets-module,learn,self-study-ncfm-modules-intermediate-macroeconomics-for-financial-markets-module,2
https://www.nseindia.com/products-services/equity-market-trading-system,products-services,equity-market-trading-system,2
https://www.nseindia.com/companies-listing/raising-capital-public-issues-emerge-public-issue-offer-documents,companies-listing,raising-capital-public-issues-emerge-public-issue-offer-documents,2
https://www.nseindia.com/products-services/emerge-sme-merchant-bankers-roles-responsibilities,products-services,emerge-sme-merchant-bankers-roles-responsibilities,2
https://www.nseindia.com/nse-indices/iosco-compliance,nse-indices,iosco-compliance,2
https://www.nseindia.com/learn/classroom-courses-certifications-equity-valuation-financial-modelling,learn,classroom-courses-certifications-equity-valuation-financial-modelling,2
https://www.nseindia.com/regulations/additional-surveillance-measure,regulations,additional-surveillance-measure,2
https://www.nseindia.com/products-services/commodity-derivatives-settlement-schedule,products-services,commodity-derivatives-settlement-schedule,2
https://www.nseindia.com/products-services/equity-derivatives-products,products-services,equity-derivatives-products,2
https://www.nseindia.com/learn/self-study-ncfm-modules-intermediate-nsdl-depository-operations-module,learn,self-study-ncfm-modules-intermediate-nsdl-depository-operations-module,2
https://www.nseindia.com/products-services/indices-index-concepts,products-services,indices-index-concepts,2
https://www.nseindia.com/nse-foundation/society-focus-environment-impact-projects,nse-foundation,society-focus-environment-impact-projects,2
https://www.nseindia.com/trade/members-faqs-rights-entitlement-trading,trade,members-faqs-rights-entitlement-trading,2
https://www.nseindia.com/products-services/nmf-list-of-eligible-amc-schemes,products-services,nmf-list-of-eligible-amc-schemes,2
https://www.nseindia.com/products-services/currency-derivatives-collaterals-formats,products-services,currency-derivatives-collaterals-formats,2
https://www.nseindia.com/resources/publications-market-reports,resources,publications-market-reports,2
https://www.nseindia.com/products-services/indices-niftysmallcap50-index,products-services,indices-niftysmallcap50-index,2
https://www.nseindia.com/companies-listing/corporate-filings-event-calendar,companies-listing,corporate-filings-event-calendar,2
https://www.nseindia.com/resources/insights-panel-discussions-seminars-financial-markets,resources,insights-panel-discussions-seminars-financial-markets,2
https://www.nseindia.com/products-services/indices-nifty200-index,products-services,indices-nifty200-index,2
https://www.nseindia.com/products-services/equity-market-circuit-breakers,products-services,equity-market-circuit-breakers,2
https://www.nseindia.com/companies-listing/raising-capital-public-issues-listing-process,companies-listing,raising-capital-public-issues-listing-process,2
https://www.nseindia.com/regulations/listing-compliance/nse-top-500-companies,listing-compliance,nse-top-500-companies,3
https://www.nseindia.com/products-services/equity-derivatives-trading,products-services,equity-derivatives-trading,2
https://www.nseindia.com/products-services/offer-for-sale-faqs,products-services,offer-for-sale-faqs,2
https://www.nseindia.com/learn/online-courses-certifications-recorded-financial-management,learn,online-courses-certifications-recorded-financial-management,2
https://www.nseindia.com/resources/research-initiative-financial-market-student-research-projects,resources,research-initiative-financial-market-student-research-projects,2
https://www.nseindia.com/market-data/foreign-investment-limit,market-data,foreign-investment-limit,2
https://www.nseindia.com/companies-listing/corporate-filings-regulation-29-non-promoters,companies-listing,corporate-filings-regulation-29-non-promoters,2
https://www.nseindia.com/products-services/equity-derivatives-risk-management,products-services,equity-derivatives-risk-management,2
https://www.nseindia.com/products-services/equity-market-securities-settlement,products-services,equity-market-securities-settlement,2
https://www.nseindia.com/investor-relations/shareholding,investor-relations,shareholding,2
https://www.nseindia.com/trade/all-member-faqs,trade,all-member-faqs,2
https://www.nseindia.com/products-services/equity-market-price-bands,products-services,equity-market-price-bands,2
https://www.nseindia.com/market-data/exchange-traded-funds-etf,market-data,exchange-traded-funds-etf,2
https://www.nseindia.com/nse-international-exchange/membership-categories,nse-international-exchange,membership-categories,2
https://www.nseindia.com/nse-clearing/board-meetings,nse-clearing,board-meetings,2
https://www.nseindia.com/market-data/bond-market-futures,market-data,bond-market-futures,2
https://www.nseindia.com/products-services/interest-rate-derivatives-clearing-banks,products-services,interest-rate-derivatives-clearing-banks,2
https://www.nseindia.com/learn/self-study-ncfm-modules-intermediate-capital-market,learn,self-study-ncfm-modules-intermediate-capital-market,2
https://www.nseindia.com/products-services/currency-derivatives-clearing-settlement,products-services,currency-derivatives-clearing-settlement,2
https://www.nseindia.com/invest/complaint-at-exchange,invest,complaint-at-exchange,2
https://www.nseindia.com/nse-clearing/financial-information-disclosures,nse-clearing,financial-information-disclosures,2
https://www.nseindia.com/investor-relations/corporate-governance,investor-relations,corporate-governance,2
https://www.nseindia.com/learn/self-study-ncfm-modules-intermediate-financial-services-foundation,learn,self-study-ncfm-modules-intermediate-financial-services-foundation,2
https://www.nseindia.com/products-services/commodity-derivatives-settlement-price,products-services,commodity-derivatives-settlement-price,2
https://www.nseindia.com/products-services/commodity-derivatives-penalties,products-services,commodity-derivatives-penalties,2
https://www.nseindia.com/learn/self-study-ncfm-modules-advanced-derivatives-module,learn,self-study-ncfm-modules-advanced-derivatives-module,2
https://www.nseindia.com/products-services/indices-blended,products-services,indices-blended,2
https://www.nseindia.com/products-services/indices-beta,products-services,indices-beta,2
https://www.nseindia.com/learn/self-study-ncfm-modules-foundation-financial-markets,learn,self-study-ncfm-modules-foundation-financial-markets,2
https://www.nseindia.com/learn/process-to-register-ncfm-study-material,learn,process-to-register-ncfm-study-material,2
https://www.nseindia.com/regulations/listing-compliance/nse-top-100-companies,listing-compliance,nse-top-100-companies,3
https://www.nseindia.com/products-services/commodity-derivatives-brent-crude-oil,products-services,commodity-derivatives-brent-crude-oil,2
https://www.nseindia.com/trade/sub-broker-and-its-registration,trade,sub-broker-and-its-registration,2
https://www.nseindia.com/products-services/currency-derivatives-settlement-price,products-services,currency-derivatives-settlement-price,2
https://www.nseindia.com/nse-clearing/other-committees,nse-clearing,other-committees,2
https://www.nseindia.com/products-services/equity-market-securities-available-for-trading,products-services,equity-market-securities-available-for-trading,2
https://www.nseindia.com/nse-indices/publications,nse-indices,publications,2
https://www.nseindia.com/products-services/currency-derivatives-margins,products-services,currency-derivatives-margins,2
https://www.nseindia.com/market-data/derivatives-turnover-business-growth,market-data,derivatives-turnover-business-growth,2
https://www.nseindia.com/nse-international-exchange/membership-forms,nse-international-exchange,membership-forms,2
https://www.nseindia.com/products-services/equity-derivatives-computer-to-computer-link-trading-ctcl,products-services,equity-derivatives-computer-to-computer-link-trading-ctcl,2
https://www.nseindia.com/learn/self-study-ncfm-modules-advanced-securities-market-module,learn,self-study-ncfm-modules-advanced-securities-market-module,2
https://www.nseindia.com/products-services/emerge-sme-price-bands,products-services,emerge-sme-price-bands,2
https://www.nseindia.com/nse-international-exchange/products,nse-international-exchange,products,2
https://www.nseindia.com/companies-listing/raising-capital-public-issues-listing-regulations,companies-listing,raising-capital-public-issues-listing-regulations,2
https://www.nseindia.com/learn/online-courses-certifications-live-online-equity-valuation-financial-modelling,learn,online-courses-certifications-live-online-equity-valuation-financial-modelling,2
https://www.nseindia.com/products-services/indices-niftymidsmallcap400-index,products-services,indices-niftymidsmallcap400-index,2
https://www.nseindia.com/products-services/equity-derivatives-nse-clearing-span,products-services,equity-derivatives-nse-clearing-span,2
https://www.nseindia.com/regulations/clarification-verification-to-market-rumour,regulations,clarification-verification-to-market-rumour,2
https://www.nseindia.com/products-services/about-electronic-bidding-platform/circulars,about-electronic-bidding-platform,circulars,3
https://www.nseindia.com/products-services/about-nmf-platform,products-services,about-nmf-platform,2
https://www.nseindia.com/learn/online-courses-certifications-recorded-essential-technical-analysis,learn,online-courses-certifications-recorded-essential-technical-analysis,2
https://www.nseindia.com/trade/platform-services-non-neat-decision-support-tools-algorithm-trading,trade,platform-services-non-neat-decision-support-tools-algorithm-trading,2
https://www.nseindia.com/nse-clearing/mandatory-committees,nse-clearing,mandatory-committees,2
https://www.nseindia.com/trade/membership-merger-amalgamation,trade,membership-merger-amalgamation,2
https://www.nseindia.com/products-services/equity-derivatives-margin-payments,products-services,equity-derivatives-margin-payments,2
https://www.nseindia.com/market-data/block-deal-watch,market-data,block-deal-watch,2
https://www.nseindia.com/products-services/commodity-derivatives-settlement-mechanism,products-services,commodity-derivatives-settlement-mechanism,2
https://www.nseindia.com/products-services/equity-derivatives-settlement-price,products-services,equity-derivatives-settlement-price,2
https://www.nseindia.com/learn/ncfm-registration-form,learn,ncfm-registration-form,2
https://www.nseindia.com/products-services/commodity-derivatives-pc-span,products-services,commodity-derivatives-pc-span,2
https://www.nseindia.com/products-services/indices-fixed-income-g-sec-indices,products-services,indices-fixed-income-g-sec-indices,2
https://www.nseindia.com/trade/surrender-of-membership,trade,surrender-of-membership,2
https://www.nseindia.com/products-services/equity-derivatives-corporate-action-adjustment,products-services,equity-derivatives-corporate-action-adjustment,2
https://www.nseindia.com/products-services/equity-market-settlement-cycle,products-services,equity-market-settlement-cycle,2
https://www.nseindia.com/nse-international-exchange/milestones,nse-international-exchange,milestones,2
https://www.nseindia.com/learn/online-courses-certifications-live-online-currency-and-commodities,learn,online-courses-certifications-live-online-currency-and-commodities,2
https://www.nseindia.com/products-services/nmf-systematic-investment-plan,products-services,nmf-systematic-investment-plan,2
https://www.nseindia.com/companies-listing/corporate-filings-regulation-31,companies-listing,corporate-filings-regulation-31,2
https://www.nseindia.com/nse-academy/nse-academy-disclosures,nse-academy,nse-academy-disclosures,2
https://www.nseindia.com/learn/online-courses-certifications-recorded-wealth-management,learn,online-courses-certifications-recorded-wealth-management,2
https://www.nseindia.com/regulations/listing-compliance/non-compliant-companies-list,listing-compliance,non-compliant-companies-list,3
https://www.nseindia.com/products-services/interest-rate-derivatives-position-limits,products-services,interest-rate-derivatives-position-limits,2
https://www.nseindia.com/companies-listing/corporate-filings-regulation-29,companies-listing,corporate-filings-regulation-29,2
https://www.nseindia.com/products-services/etfs-debt,products-services,etfs-debt,2
https://www.nseindia.com/products-services/equity-market-periodic-call-auction,products-services,equity-market-periodic-call-auction,2
https://www.nseindia.com/trade/user-id-faqs,trade,user-id-faqs,2
https://www.nseindia.com/products-services/initial-public-offerings-book-building,products-services,initial-public-offerings-book-building,2
https://www.nseindia.com/products-services/indices-fixed-income,products-services,indices-fixed-income,2
https://www.nseindia.com/invest/first-time-investor-taxation,invest,first-time-investor-taxation,2
https://www.nseindia.com/products-services/offer-for-sale,products-services,offer-for-sale,2
https://www.nseindia.com/learn/online-courses-certifications-recorded-currency-derivatives,learn,online-courses-certifications-recorded-currency-derivatives,2
https://www.nseindia.com/nse-clearing/transfer-agent,nse-clearing,transfer-agent,2
https://www.nseindia.com/resources/research-initiative-corporate-governance-nse-igidr,resources,research-initiative-corporate-governance-nse-igidr,2
https://www.nseindia.com/nse-clearing/consolidated-circulars,nse-clearing,consolidated-circulars,2
https://www.nseindia.com/products-services/currency-derivatives-client-margin-reporting,products-services,currency-derivatives-client-margin-reporting,2
https://www.nseindia.com/nse-foundation/contact-us,nse-foundation,contact-us,2
https://www.nseindia.com/trade/platform-services-application-formats,trade,platform-services-application-formats,2
https://www.nseindia.com/resources/insights-lecture-series-dr-r-h-patil-memorial,resources,insights-lecture-series-dr-r-h-patil-memorial,2
https://www.nseindia.com/products-services/equity-market-pay-ins,products-services,equity-market-pay-ins,2
https://www.nseindia.com/resources/research-initiative-financial-market-nse-ifmr-financial-inclusion,resources,research-initiative-financial-market-nse-ifmr-financial-inclusion,2
https://www.nseindia.com/nse-international-exchange/board-of-directors,nse-international-exchange,board-of-directors,2
https://www.nseindia.com/companies-listing/raising-capital-public-issues-emerge-benefits-listing,companies-listing,raising-capital-public-issues-emerge-benefits-listing,2
https://www.nseindia.com/trade/platform-services-non-neat-direct-market-access,trade,platform-services-non-neat-direct-market-access,2
https://www.nseindia.com/investor-relations/annual-reports,investor-relations,annual-reports,2
https://www.nseindia.com/learn/classroom-courses-certifications-research-trading-advisory,learn,classroom-courses-certifications-research-trading-advisory,2
https://www.nseindia.com/invest/check-trades-bids-verify-ipo-bids,invest,check-trades-bids-verify-ipo-bids,2
https://www.nseindia.com/invest/disposal-of-arbitration-proceedings,invest,disposal-of-arbitration-proceedings,2
https://www.nseindia.com/companies-listing/corporate-filings-postal-ballot,companies-listing,corporate-filings-postal-ballot,2
https://www.nseindia.com/learn/live-trading-strategies,learn,live-trading-strategies,2
https://www.nseindia.com/products-services/equity-derivatives-trading-locations,products-services,equity-derivatives-trading-locations,2
https://www.nseindia.com/learn/nse-other-program,learn,nse-other-program,2
https://www.nseindia.com/products-services/emerge-clearing-and-settlement,products-services,emerge-clearing-and-settlement,2
https://www.nseindia.com/products-services/emerge-sme-market-segment,products-services,emerge-sme-market-segment,2
https://www.nseindia.com/companies-listing/corporate-filings-pledged-data,companies-listing,corporate-filings-pledged-data,2
https://www.nseindia.com/trade/documents-for-membership,trade,documents-for-membership,2
https://www.nseindia.com/learn/online-courses-certifications-recorded-nse-academy-enccmp,learn,online-courses-certifications-recorded-nse-academy-enccmp,2
https://www.nseindia.com/products-services/indices-fixed-income-aggregates,products-services,indices-fixed-income-aggregates,2
https://www.nseindia.com/products-services/emerge-institutional-trading-platform-trader-workstation,products-services,emerge-institutional-trading-platform-trader-workstation,2
https://www.nseindia.com/invest/arbitration-hearing,invest,arbitration-hearing,2
https://www.nseindia.com/products-services/tri-party-repo-market-transactions,products-services,tri-party-repo-market-transactions,2
https://www.nseindia.com/products-services/corporate-bonds-timings-holidays,products-services,corporate-bonds-timings-holidays,2
https://www.nseindia.com/products-services/equity-derivatives-client-margin-reporting,products-services,equity-derivatives-client-margin-reporting,2
https://www.nseindia.com/regulations/graded-surveillance-measure,regulations,graded-surveillance-measure,2
https://www.nseindia.com/products-services/indices-tracking-error,products-services,indices-tracking-error,2
https://www.nseindia.com/market-data/large-deals,market-data,large-deals,2
https://www.nseindia.com/products-services/slbs-features,products-services,slbs-features,2
https://www.nseindia.com/products-services/indices-investible-weight-factors,products-services,indices-investible-weight-factors,2
https://www.nseindia.com/regulations/exchange-submit-a-tip-off,regulations,exchange-submit-a-tip-off,2
https://www.nseindia.com/resources/publications-macro-reports,resources,publications-macro-reports,2
https://www.nseindia.com/products-services/innovators-growth-platform-faqs,products-services,innovators-growth-platform-faqs,2
https://www.nseindia.com/products-services/etfs-other-mutual-funds-comparison,products-services,etfs-other-mutual-funds-comparison,2
https://www.nseindia.com/nseint_clearing/nse-international-clearing-board-of-directors,nseint_clearing,nse-international-clearing-board-of-directors,2
https://www.nseindia.com/trade/platform-services-non-neat-registration-of-foreign-independent-software-vendors,trade,platform-services-non-neat-registration-of-foreign-independent-software-vendors,2
https://www.nseindia.com/learn/self-study-ncfm-modules-intermediate-venture-capital-and-private-equity-module,learn,self-study-ncfm-modules-intermediate-venture-capital-and-private-equity-module,2
https://www.nseindia.com/products-services/innovators-growth-platform-relevant-guidelines,products-services,innovators-growth-platform-relevant-guidelines,2
https://www.nseindia.com/companies-listing/compliance-information-checklist,companies-listing,compliance-information-checklist,2
https://www.nseindia.com/market-data/new-stock-exchange-listings-forthcoming,market-data,new-stock-exchange-listings-forthcoming,2
https://www.nseindia.com/products-services/tri-party-repo-collateral-requirements,products-services,tri-party-repo-collateral-requirements,2
https://www.nseindia.com/learn/online-courses-certifications-recorded-derivatives-demystified,learn,online-courses-certifications-recorded-derivatives-demystified,2
https://www.nseindia.com/learn/self-study-ncfm-modules-advanced-information-security-services-professionals,learn,self-study-ncfm-modules-advanced-information-security-services-professionals,2
https://www.nseindia.com/nse-indices/index-licensing,nse-indices,index-licensing,2
https://www.nseindia.com/products-services/equity-derivatives-price-bands,products-services,equity-derivatives-price-bands,2
https://www.nseindia.com/products-services/equity-derivatives-internet-trading,products-services,equity-derivatives-internet-trading,2
https://www.nseindia.com/learn/process-to-register-ncfm-issue-of-certificates,learn,process-to-register-ncfm-issue-of-certificates,2
https://www.nseindia.com/companies-listing/compliance-information-compliance-calendar-sme,companies-listing,compliance-information-compliance-calendar-sme,2
https://www.nseindia.com/products-services/about-request-for-quote,products-services,about-request-for-quote,2
https://www.nseindia.com/nse-international-exchange/contact-us,nse-international-exchange,contact-us,2
https://www.nseindia.com/products-services/emerge-institutional-trading-platform-computer-to-computer-link,products-services,emerge-institutional-trading-platform-computer-to-computer-link,2
https://www.nseindia.com/products-services/currency-derivatives-contract-specification-inr,products-services,currency-derivatives-contract-specification-inr,2
https://www.nseindia.com/trade/members-faqs-new-membership-registration,trade,members-faqs-new-membership-registration,2
https://www.nseindia.com/products-services/slbs-margins,products-services,slbs-margins,2
https://www.nseindia.com/products-services/negotiated-trade-reporting-platform-trading,products-services,negotiated-trade-reporting-platform-trading,2
https://www.nseindia.com/products-services/currency-derivatives-custodial-participant-deals,products-services,currency-derivatives-custodial-participant-deals,2
https://www.nseindia.com/market-data/top-gainers-losers,market-data,top-gainers-losers,2
https://www.nseindia.com/trade/members-client-registration-documents,trade,members-client-registration-documents,2
https://www.nseindia.com/nsetech/contact-us,nsetech,contact-us,2
https://www.nseindia.com/nseint_clearing/nse-international-clearing-collateral,nseint_clearing,nse-international-clearing-collateral,2
https://www.nseindia.com/learn/self-study-ncfm-modules-intermediate-investment-analysis-and-portfolio-management,learn,self-study-ncfm-modules-intermediate-investment-analysis-and-portfolio-management,2
https://www.nseindia.com/products-services/equity-market-penalties,products-services,equity-market-penalties,2
https://www.nseindia.com/regulations/listing-compliance/nse-market-capitalisation-all-companies,listing-compliance,nse-market-capitalisation-all-companies,3
https://www.nseindia.com/nseit/contact-us,nseit,contact-us,2
https://www.nseindia.com/products-services/equity-market-non-cleared-deals,products-services,equity-market-non-cleared-deals,2
https://www.nseindia.com/learn/online-courses-certifications-recorded-macro-economics-for-financial-markets,learn,online-courses-certifications-recorded-macro-economics-for-financial-markets,2
https://www.nseindia.com/products-services/equity-market-risk-management,products-services,equity-market-risk-management,2
https://www.nseindia.com/learn/self-study-ncfm-modules-foundation-clearing-settlement-and-risk-management-module,learn,self-study-ncfm-modules-foundation-clearing-settlement-and-risk-management-module,2
https://www.nseindia.com/learn/self-study-ncfm-modules-intermediate-operations-risk-management,learn,self-study-ncfm-modules-intermediate-operations-risk-management,2
https://www.nseindia.com/products-services/indices-index-funds,products-services,indices-index-funds,2
https://www.nseindia.com/trade/members-digital-signature-certificate,trade,members-digital-signature-certificate,2
https://www.nseindia.com/products-services/currency-derivatives-parameters,products-services,currency-derivatives-parameters,2
https://www.nseindia.com/invest/new-disposal-of-arbitration-proceedings,invest,new-disposal-of-arbitration-proceedings,2
https://www.nseindia.com/companies-listing/corporate-filings-annual-reports,companies-listing,corporate-filings-annual-reports,2
https://www.nseindia.com/nse-clearing/annual-reports,nse-clearing,annual-reports,2
https://www.nseindia.com/products-services/emerge-register,products-services,emerge-register,2
https://www.nseindia.com/nse-foundation/csr-education,nse-foundation,csr-education,2
https://www.nseindia.com/products-services/negotiated-trade-reporting-platform-entities,products-services,negotiated-trade-reporting-platform-entities,2
https://www.nseindia.com/products-services/interest-rate-derivatives-clearing-members,products-services,interest-rate-derivatives-clearing-members,2
https://www.nseindia.com/products-services/commodity-derivatives-internet-trading,products-services,commodity-derivatives-internet-trading,2
https://www.nseindia.com/products-services/indices-impact-cost,products-services,indices-impact-cost,2
https://www.nseindia.com/products-services/emerge-sme-market-makers-roles-responsibilities,products-services,emerge-sme-market-makers-roles-responsibilities,2
https://www.nseindia.com/trade/price-band-operating-range-flex-faqs,trade,price-band-operating-range-flex-faqs,2
https://www.nseindia.com/learn/online-courses-certifications-live-online-fixed-income-interest-rate,learn,online-courses-certifications-live-online-fixed-income-interest-rate,2
https://www.nseindia.com/products-services/interest-rate-derivatives-contract-specifications-g-sec,products-services,interest-rate-derivatives-contract-specifications-g-sec,2
https://www.nseindia.com/invest/exit-option-for-share-holders-market-statistics,invest,exit-option-for-share-holders-market-statistics,2
https://www.nseindia.com/trade/consolidated-circulars-members-compliance-annexure-c,trade,consolidated-circulars-members-compliance-annexure-c,2
https://www.nseindia.com/trade/consolidated-circulars-members-compliance-annexure-b,trade,consolidated-circulars-members-compliance-annexure-b,2
https://www.nseindia.com/nse-data-and-analytics/kyc-registration-agency-kra,nse-data-and-analytics,kyc-registration-agency-kra,2
https://www.nseindia.com/companies-listing/raising-capital-public-issues-emerge-selecting-a-merchant-banker,companies-listing,raising-capital-public-issues-emerge-selecting-a-merchant-banker,2
https://www.nseindia.com/trade/consolidated-circulars-members-compliance-annexure-a,trade,consolidated-circulars-members-compliance-annexure-a,2
https://www.nseindia.com/market-data/oi-spurts,market-data,oi-spurts,2
https://www.nseindia.com/trade/members-disclosures,trade,members-disclosures,2
https://www.nseindia.com/products-services/currency-derivatives-internet-trading,products-services,currency-derivatives-internet-trading,2
https://www.nseindia.com/national-stock-exchange/purpose-vision-values,national-stock-exchange,purpose-vision-values,2
https://www.nseindia.com/closing-bell-ceremony-to-commemorate-25-years-of-nse,,closing-bell-ceremony-to-commemorate-25-years-of-nse,1
https://www.nseindia.com/products-services/equity-derivatives-individual-securities,products-services,equity-derivatives-individual-securities,2
https://www.nseindia.com/products-services/about-electronic-bidding-platform,products-services,about-electronic-bidding-platform,2
https://www.nseindia.com/position-limit,,position-limit,1
https://www.nseindia.com/products-services/emerge-nifty-sme-emerge-index,products-services,emerge-nifty-sme-emerge-index,2
https://www.nseindia.com/nse-clearing/professional-clearing-members,nse-clearing,professional-clearing-members,2
https://www.nseindia.com/companies-listing/raising-capital-public-issues-emerge-participants,companies-listing,raising-capital-public-issues-emerge-participants,2
https://www.nseindia.com/invest/new-arbitration-hearing,invest,new-arbitration-hearing,2
https://www.nseindia.com/invest/exit-option-for-share-holders-member-login,invest,exit-option-for-share-holders-member-login,2
https://www.nseindia.com/market-data/currency-derivatives,market-data,currency-derivatives,2
https://www.nseindia.com/learn/self-study-ncfm-modules-foundation-currency-derivatives,learn,self-study-ncfm-modules-foundation-currency-derivatives,2
https://www.nseindia.com/products-services/tri-party-repo-collateral-deposits-clearing-member,products-services,tri-party-repo-collateral-deposits-clearing-member,2
https://www.nseindia.com/learn/self-study-ncfm-modules-intermediate-commodities-market-module,learn,self-study-ncfm-modules-intermediate-commodities-market-module,2
https://www.nseindia.com/learn/partner-programs-intraday-trading-strategies-commodites-market,learn,partner-programs-intraday-trading-strategies-commodites-market,2
https://www.nseindia.com/trade/platform-services-non-neat-empanelled-vendors-of-the-exchange,trade,platform-services-non-neat-empanelled-vendors-of-the-exchange,2
https://www.nseindia.com/products-services/currency-derivatives-position-limits,products-services,currency-derivatives-position-limits,2
https://www.nseindia.com/products-services/interest-rate-derivatives-timing-holidays,products-services,interest-rate-derivatives-timing-holidays,2
https://www.nseindia.com/market-data/debt-market-trade-repository,market-data,debt-market-trade-repository,2
https://www.nseindia.com/companies-listing/corporate-filings-insider-trading,companies-listing,corporate-filings-insider-trading,2
https://www.nseindia.com/trade/platform-services-non-neat-compliance,trade,platform-services-non-neat-compliance,2
https://www.nseindia.com/products-services/etfs-launched-on-nse,products-services,etfs-launched-on-nse,2
https://www.nseindia.com/products-services/equity-derivatives-fii-mf-postion-limits,products-services,equity-derivatives-fii-mf-postion-limits,2
https://www.nseindia.com/learn/online-courses-certifications-live-online-equity-research-analysis,learn,online-courses-certifications-live-online-equity-research-analysis,2
https://www.nseindia.com/products-services/indices-broad-market,products-services,indices-broad-market,2
https://www.nseindia.com/products-services/commodity-derivatives-hedge-policy,products-services,commodity-derivatives-hedge-policy,2
https://www.nseindia.com/products-services/equity-market-timings-holidays,products-services,equity-market-timings-holidays,2
https://www.nseindia.com/resources/publications-nse-market-pulse,resources,publications-nse-market-pulse,2
https://www.nseindia.com/products-services/equity-market-margins,products-services,equity-market-margins,2
https://www.nseindia.com/companies-listing/corporate-filings-governance,companies-listing,corporate-filings-governance,2
https://www.nseindia.com/market-data/new-52-week-high-low-equity-market,market-data,new-52-week-high-low-equity-market,2
https://www.nseindia.com/products-services/innovators-growth-platform-accredited-investor-framework,products-services,innovators-growth-platform-accredited-investor-framework,2
https://www.nseindia.com/resources/exchange-communication-media-resources,resources,exchange-communication-media-resources,2
https://www.nseindia.com/products-services/commodity-derivatives-warehouse-logistics,products-services,commodity-derivatives-warehouse-logistics,2
https://www.nseindia.com/nse-foundation/society-focus-health,nse-foundation,society-focus-health,2
https://www.nseindia.com/products-services/equity-derivatives-nifty50,products-services,equity-derivatives-nifty50,2
https://www.nseindia.com/trade/password-policy-password-reset-and-unlocking-faqs,trade,password-policy-password-reset-and-unlocking-faqs,2
https://www.nseindia.com/products-services/nmf-platform-contact-us,products-services,nmf-platform-contact-us,2
https://www.nseindia.com/investor-relations/corporate-actions,investor-relations,corporate-actions,2
https://www.nseindia.com/companies-listing/raising-capital-debt-private-placement-eligibility-criteria,companies-listing,raising-capital-debt-private-placement-eligibility-criteria,2
https://www.nseindia.com/products-services/equity-market-trader-workstation,products-services,equity-market-trader-workstation,2
https://www.nseindia.com/nse-clearing/risk-management,nse-clearing,risk-management,2
https://www.nseindia.com/nse-clearing/shareholding,nse-clearing,shareholding,2
https://www.nseindia.com/products-services/tri-party-repo-risk-management,products-services,tri-party-repo-risk-management,2
https://www.nseindia.com/national-stock-exchange/our-group/associate-affiliate-companies,our-group,associate-affiliate-companies,3
https://www.nseindia.com/nse-academy/nse-academy-products-and-services,nse-academy,nse-academy-products-and-services,2
https://www.nseindia.com/regulations/periodic-call-auction-illiquid-securities,regulations,periodic-call-auction-illiquid-securities,2
https://www.nseindia.com/nse-indices/products-services,nse-indices,products-services,2
https://www.nseindia.com/learn/self-study-ncfm-modules-foundation-commercial-banking-in-india,learn,self-study-ncfm-modules-foundation-commercial-banking-in-india,2
https://www.nseindia.com/all-reports/commodity-compliance-reports-archives,all-reports,commodity-compliance-reports-archives,2
https://www.nseindia.com/products-services/institutional-placement-program-issuer,products-services,institutional-placement-program-issuer,2
https://www.nseindia.com/products-services/equity-derivatives-niftypse,products-services,equity-derivatives-niftypse,2
https://www.nseindia.com/nse-international-exchange/membership,nse-international-exchange,membership,2
https://www.nseindia.com/option-chain?type=currency,,option-chain,1
https://www.nseindia.com/trade/compliance-training,trade,compliance-training,2
https://www.nseindia.com/structure-key-personnel/nse-advisory-committee,structure-key-personnel,nse-advisory-committee,2
https://www.nseindia.com/products-services/equity-derivatives-span-risk-parameter-files,products-services,equity-derivatives-span-risk-parameter-files,2
https://www.nseindia.com/trade/connectivity-faqs,trade,connectivity-faqs,2
https://www.nseindia.com/products-services/commodity-derivatives-contract-specifications-bullion,products-services,commodity-derivatives-contract-specifications-bullion,2
https://www.nseindia.com/learn/post-graduate-program-weekend-batches,learn,post-graduate-program-weekend-batches,2
https://www.nseindia.com/message-from-md,,message-from-md,1
https://www.nseindia.com/national-stock-exchange/history-milestones,national-stock-exchange,history-milestones,2
https://www.nseindia.com/products-services/equity-derivatives-list-underlyings-information,products-services,equity-derivatives-list-underlyings-information,2
https://www.nseindia.com/resources/exchange-communication-ceo-corner,resources,exchange-communication-ceo-corner,2
https://www.nseindia.com/companies-listing/raising-capital-public-issues-checklist-for-debt,companies-listing,raising-capital-public-issues-checklist-for-debt,2
https://www.nseindia.com/products-services/indices-faqs,products-services,indices-faqs,2
https://www.nseindia.com/learn/self-study-ncfm-modules-intermediate-technical-analysis-module,learn,self-study-ncfm-modules-intermediate-technical-analysis-module,2
https://www.nseindia.com/invest/first-time-investor-trade-alerts,invest,first-time-investor-trade-alerts,2
https://www.nseindia.com/products-services/emerge-sme-trading-system,products-services,emerge-sme-trading-system,2
https://www.nseindia.com/trade/membership-enablement,trade,membership-enablement,2
https://www.nseindia.com/nsccl-nse-clearing/core-sgf-default-waterfall,nsccl-nse-clearing,core-sgf-default-waterfall,2
https://www.nseindia.com/learn/nse-finbasic-program,learn,nse-finbasic-program,2
https://www.nseindia.com/products-services/negotiated-trade-reporting-platform-issue-descriptor,products-services,negotiated-trade-reporting-platform-issue-descriptor,2
https://www.nseindia.com/products-services/indices-thematic,products-services,indices-thematic,2
https://www.nseindia.com/products-services/commodity-derivatives-risk-reduction-mode,products-services,commodity-derivatives-risk-reduction-mode,2
https://www.nseindia.com/trade/platform-services-connectivity-costing,trade,platform-services-connectivity-costing,2
https://www.nseindia.com/products-services/indices-nifty100-index,products-services,indices-nifty100-index,2
https://www.nseindia.com/learn/online-courses-certifications-live-online-financial-planning-wealth-management,learn,online-courses-certifications-live-online-financial-planning-wealth-management,2
https://www.nseindia.com/learn/find-a-course,learn,find-a-course,2
https://www.nseindia.com/products-services/equity-derivatives-selection-criteria,products-services,equity-derivatives-selection-criteria,2
https://www.nseindia.com/products-services/interest-rate-derivatives-clearing-settlement,products-services,interest-rate-derivatives-clearing-settlement,2
https://www.nseindia.com/products-services/tri-party-repo-timings-holidays,products-services,tri-party-repo-timings-holidays,2
https://www.nseindia.com/products-services/commodity-derivatives-gold,products-services,commodity-derivatives-gold,2
https://www.nseindia.com/products-services/commodity-derivatives-delivery-settlement-procedure,products-services,commodity-derivatives-delivery-settlement-procedure,2
https://www.nseindia.com/learn/self-study-ncfm-modules-intermediate-project-finance-module,learn,self-study-ncfm-modules-intermediate-project-finance-module,2
https://www.nseindia.com/learn/online-courses-certifications-recorded-interest-rate-derivatives,learn,online-courses-certifications-recorded-interest-rate-derivatives,2
https://www.nseindia.com/products-services/emerge-institutional-trading-platform-trading-lots,products-services,emerge-institutional-trading-platform-trading-lots,2
https://www.nseindia.com/products-services/equity-derivatives-violations,products-services,equity-derivatives-violations,2
https://www.nseindia.com/companies-listing/raising-capital-public-issues-emerge-assess-your-readiness,companies-listing,raising-capital-public-issues-emerge-assess-your-readiness,2
https://www.nseindia.com/learn/self-study-ncfm-modules-advanced-mutual-funds-module,learn,self-study-ncfm-modules-advanced-mutual-funds-module,2
https://www.nseindia.com/products-services/about-innovators-growth-platform,products-services,about-innovators-growth-platform,2
https://www.nseindia.com/nse-data-and-analytics/infobase,nse-data-and-analytics,infobase,2
https://www.nseindia.com/products-services/corporate-bonds-reporting-system,products-services,corporate-bonds-reporting-system,2
https://www.nseindia.com/products-services/equity-derivatives-niftyinfrastructure,products-services,equity-derivatives-niftyinfrastructure,2
https://www.nseindia.com/products-services/emerge-sme-circuit-breakers,products-services,emerge-sme-circuit-breakers,2
https://www.nseindia.com/nse-academy/nse-academy-contact-us,nse-academy,nse-academy-contact-us,2
https://www.nseindia.com/products-services/slbs-trader-workstation,products-services,slbs-trader-workstation,2
https://www.nseindia.com/resources/publications-corporate-governance,resources,publications-corporate-governance,2
https://www.nseindia.com/products-services/negotiated-trade-reporting-platform-settlement,products-services,negotiated-trade-reporting-platform-settlement,2
https://www.nseindia.com/companies-listing/corporate-filings-regulation-30-annual,companies-listing,corporate-filings-regulation-30-annual,2
https://www.nseindia.com/products-services/indices-fixed-income-sdl-indices,products-services,indices-fixed-income-sdl-indices,2
https://www.nseindia.com/products-services/commodity-derivatives-clearing-mechanism,products-services,commodity-derivatives-clearing-mechanism,2
https://www.nseindia.com/products-services/equity-derivatives-position-limits,products-services,equity-derivatives-position-limits,2
https://www.nseindia.com/regulations/movement-securities-periodic-review,regulations,movement-securities-periodic-review,2
https://www.nseindia.com/nse-foundation/csr-overview,nse-foundation,csr-overview,2
https://www.nseindia.com/products-services/indices-niftymidcap100-index,products-services,indices-niftymidcap100-index,2
https://www.nseindia.com/companies-listing/raising-capital-public-issues-emerge-selecting-a-migration-to-main-board,companies-listing,raising-capital-public-issues-emerge-selecting-a-migration-to-main-board,2
https://www.nseindia.com/learn/self-study-ncfm-modules-intermediate-mergers-and-acquisitions-module,learn,self-study-ncfm-modules-intermediate-mergers-and-acquisitions-module,2
https://www.nseindia.com/nse-indices/index-data-subscription,nse-indices,index-data-subscription,2
https://www.nseindia.com/invest/defaulter-expelled-members,invest,defaulter-expelled-members,2
https://www.nseindia.com/nse-foundation/society-focus-capacity-building,nse-foundation,society-focus-capacity-building,2
https://www.nseindia.com/products-services/commodity-derivatives-timing-holidays,products-services,commodity-derivatives-timing-holidays,2
https://www.nseindia.com/companies-listing/raising-capital-mutual-funds-etfs-fees,companies-listing,raising-capital-mutual-funds-etfs-fees,2
https://www.nseindia.com/companies-listing/mutual-funds-listing-and-processing-fees,companies-listing,mutual-funds-listing-and-processing-fees,2
https://www.nseindia.com/contact/contact-us-region,contact,contact-us-region,2
https://www.nseindia.com/resources/publications-fact-book,resources,publications-fact-book,2
https://www.nseindia.com/learn/self-study-ncfm-modules-intermediate-options-trading-strategies,learn,self-study-ncfm-modules-intermediate-options-trading-strategies,2
https://www.nseindia.com/learn/online-courses-certifications-recorded-stock-market-for-beginners,learn,online-courses-certifications-recorded-stock-market-for-beginners,2
https://www.nseindia.com/products-services/innovators-growth-platform-other-listing-criteria,products-services,innovators-growth-platform-other-listing-criteria,2
https://www.nseindia.com/products-services/about-sgb,products-services,about-sgb,2
https://www.nseindia.com/nseint_clearing/nse-international-clearing-risk-management,nseint_clearing,nse-international-clearing-risk-management,2
https://www.nseindia.com/nse-foundation/mission-vision,nse-foundation,mission-vision,2
https://www.nseindia.com/reports/fii-dii,reports,fii-dii,2
https://www.nseindia.com/trade/platform-services-non-neat-security-trading-with-wireless-technology,trade,platform-services-non-neat-security-trading-with-wireless-technology,2
https://www.nseindia.com/companies-listing/corporate-filings-regulation-7-promoter,companies-listing,corporate-filings-regulation-7-promoter,2
https://www.nseindia.com/nse-investments/disclosures,nse-investments,disclosures,2
https://www.nseindia.com/trade/platform-services-non-neat-smart-order-routing,trade,platform-services-non-neat-smart-order-routing,2
https://www.nseindia.com/products-services/innovators-growth-platform-about-accredited-investors,products-services,innovators-growth-platform-about-accredited-investors,2
https://www.nseindia.com/products-services/slbs-clearing-settlement,products-services,slbs-clearing-settlement,2
https://www.nseindia.com/products-services/initial-public-offerings-bid-verification,products-services,initial-public-offerings-bid-verification,2
https://www.nseindia.com/products-services/equity-market-shortages-handling,products-services,equity-market-shortages-handling,2
https://www.nseindia.com/invest/complaints-public-notice,invest,complaints-public-notice,2
https://www.nseindia.com/companies-listing/corporate-filings-encumbrance,companies-listing,corporate-filings-encumbrance,2
https://www.nseindia.com/products-services/equity-derivatives-timings-holidays,products-services,equity-derivatives-timings-holidays,2
https://www.nseindia.com/products-services/slbs-timings-holidays,products-services,slbs-timings-holidays,2
https://www.nseindia.com/trade/members-compliance-calendar,trade,members-compliance-calendar,2
https://www.nseindia.com/invest/exit-option-for-share-holders-procedure-for-exit-route-option,invest,exit-option-for-share-holders-procedure-for-exit-route-option,2
https://www.nseindia.com/products-services/currency-derivatives-margins-payment,products-services,currency-derivatives-margins-payment,2
https://www.nseindia.com/nifty50-event-details,,nifty50-event-details,1
https://www.nseindia.com/invest/first-time-investor-customer-support,invest,first-time-investor-customer-support,2
https://www.nseindia.com/products-services/currency-derivatives-timings-holidays,products-services,currency-derivatives-timings-holidays,2
https://www.nseindia.com/trade/upgrade-membership,trade,upgrade-membership,2
https://www.nseindia.com/learn/self-study-ncfm-modules-foundation-fimmda-nse-debt-market,learn,self-study-ncfm-modules-foundation-fimmda-nse-debt-market,2
https://www.nseindia.com/products-services/equity-derivatives-settlement-mechanism,products-services,equity-derivatives-settlement-mechanism,2
https://www.nseindia.com/companies-listing/listing-processing-fees-for-sme-itp,companies-listing,listing-processing-fees-for-sme-itp,2
https://www.nseindia.com/products-services/commodity-derivatives-liquid-assets,products-services,commodity-derivatives-liquid-assets,2
https://www.nseindia.com/nse-foundation/csr-sanitation,nse-foundation,csr-sanitation,2
https://www.nseindia.com/nse-clearing/other-disclosures,nse-clearing,other-disclosures,2
https://www.nseindia.com/200-sme-listings-on-nse-emerge,,200-sme-listings-on-nse-emerge,1
https://www.nseindia.com/products-services/commodity-derivatives-clearing-banks,products-services,commodity-derivatives-clearing-banks,2
https://www.nseindia.com/products-services/indices-strategy,products-services,indices-strategy,2
https://www.nseindia.com/nse-data-and-analytics/products-services,nse-data-and-analytics,products-services,2
https://www.nseindia.com/products-services/currency-derivatives-risk-management,products-services,currency-derivatives-risk-management,2
https://www.nseindia.com/products-services/commodity-derivatives-nse-clearing-span,products-services,commodity-derivatives-nse-clearing-span,2
https://www.nseindia.com/products-services/about-electronic-bidding-platform/operating-guidelines,about-electronic-bidding-platform,operating-guidelines,3
https://www.nseindia.com/companies-listing/stock-market-uniform-listing-agreement,companies-listing,stock-market-uniform-listing-agreement,2
https://www.nseindia.com/resources/research-initiative-corporate-governance-nse-cecg,resources,research-initiative-corporate-governance-nse-cecg,2
https://www.nseindia.com/learn/online-courses-certifications-live-online-derivative-analytics,learn,online-courses-certifications-live-online-derivative-analytics,2
https://www.nseindia.com/market-data/new-stock-exchange-listings-recent,market-data,new-stock-exchange-listings-recent,2
https://www.nseindia.com/investor-relations/other-disclosures,investor-relations,other-disclosures,2
https://www.nseindia.com/nseint_clearing/nse-international-clearing-membership,nseint_clearing,nse-international-clearing-membership,2
https://www.nseindia.com/market-data/analysis-and-tools-derivatives-market-snapshot,market-data,analysis-and-tools-derivatives-market-snapshot,2
https://www.nseindia.com/companies-listing/corporate-filings-secretarial-compliance-report,companies-listing,corporate-filings-secretarial-compliance-report,2
https://www.nseindia.com/products-services/about-tri-party-repo-intro,products-services,about-tri-party-repo-intro,2
https://www.nseindia.com/regulations/daily-price-bands-reports,regulations,daily-price-bands-reports,2
https://www.nseindia.com/regulations/member-compliance-stamp-duty,regulations,member-compliance-stamp-duty,2
https://www.nseindia.com/learn/process-to-register-ncfm-upload-photo,learn,process-to-register-ncfm-upload-photo,2
https://www.nseindia.com/nsetech/products-services,nsetech,products-services,2
https://www.nseindia.com/products-services/equity-market-categorisation-stocks-imposition-of-margins,products-services,equity-market-categorisation-stocks-imposition-of-margins,2
https://www.nseindia.com/products-services/initial-public-offerings-trader-workstation,products-services,initial-public-offerings-trader-workstation,2
https://www.nseindia.com/products-services/equity-derivatives-contract-information,products-services,equity-derivatives-contract-information,2
https://www.nseindia.com/learn/partner-programs-intraday-trading-strategies-forex-market,learn,partner-programs-intraday-trading-strategies-forex-market,2
https://www.nseindia.com/products-services/equity-derivatives-custodial-participant-cp-deals,products-services,equity-derivatives-custodial-participant-cp-deals,2
https://www.nseindia.com/learn/process-to-register-ncfm-take-a-test,learn,process-to-register-ncfm-take-a-test,2
https://www.nseindia.com/companies-listing/raising-capital-debt-private-placement-agreement,companies-listing,raising-capital-debt-private-placement-agreement,2
https://www.nseindia.com/products-services/tri-party-repo-shortages-handling,products-services,tri-party-repo-shortages-handling,2
https://www.nseindia.com/learn/smart-index-trader-programme,learn,smart-index-trader-programme,2
https://www.nseindia.com/companies-listing/raising-capital-debt-private-placement-process,companies-listing,raising-capital-debt-private-placement-process,2
https://www.nseindia.com/regulations/listing-compliance/nse-top-1000-companies,listing-compliance,nse-top-1000-companies,3
https://www.nseindia.com/nse-indices/nse-indices-committee,nse-indices,nse-indices-committee,2
https://www.nseindia.com/reports/asm,reports,asm,2
https://www.nseindia.com/nse-foundation/cii-citation-for-nses-outstanding-performance,nse-foundation,cii-citation-for-nses-outstanding-performance,2
https://www.nseindia.com/learn/online-courses-certifications-live-online-option-strategies,learn,online-courses-certifications-live-online-option-strategies,2
https://www.nseindia.com/products-services/mf-timings-holidays,products-services,mf-timings-holidays,2
https://www.nseindia.com/products-services/commodity-derivatives-silver,products-services,commodity-derivatives-silver,2
https://www.nseindia.com/products-services/commodity-derivatives-trading,products-services,commodity-derivatives-trading,2
https://www.nseindia.com/products-services/equity-derivatives-cross-margin,products-services,equity-derivatives-cross-margin,2
https://www.nseindia.com/nseint_clearing/nse-international-clearing-contact-us,nseint_clearing,nse-international-clearing-contact-us,2
https://www.nseindia.com/learn/self-study-ncfm-modules-intermediate-surveillance-in-stock-exchanges-module,learn,self-study-ncfm-modules-intermediate-surveillance-in-stock-exchanges-module,2
https://www.nseindia.com/market-data/most-active-equities,market-data,most-active-equities,2
https://www.nseindia.com/products-services/slbs-trading,products-services,slbs-trading,2
https://www.nseindia.com/nse-data-and-analytics/contact-us,nse-data-and-analytics,contact-us,2
https://www.nseindia.com/products-services/indices-dividend-yield-percent,products-services,indices-dividend-yield-percent,2
https://www.nseindia.com/products-services/indices-price-to-book-value,products-services,indices-price-to-book-value,2
https://www.nseindia.com/invest/details-to-be-provided-for-lodging-claims,invest,details-to-be-provided-for-lodging-claims,2
https://www.nseindia.com/products-services/tender-offer-buyback,products-services,tender-offer-buyback,2
https://www.nseindia.com/products-services/initial-public-offerings-asba-procedures,products-services,initial-public-offerings-asba-procedures,2
https://www.nseindia.com/learn/classroom-courses-certifications-equity-research-analysis,learn,classroom-courses-certifications-equity-research-analysis,2
https://www.nseindia.com/learn/algorithmic-trading-computational-finance-using-python-r,learn,algorithmic-trading-computational-finance-using-python-r,2
https://www.nseindia.com/products-services/equity-derivatives-banknifty,products-services,equity-derivatives-banknifty,2
https://www.nseindia.com/products-services/indices-total-returns-index,products-services,indices-total-returns-index,2
https://www.nseindia.com/learn/process-to-register-ncfm-payment,learn,process-to-register-ncfm-payment,2
https://www.nseindia.com/products-services/tri-party-repo-eligibile-securities-valuation,products-services,tri-party-repo-eligibile-securities-valuation,2
https://www.nseindia.com/nse-clearing/interoperability-introduction,nse-clearing,interoperability-introduction,2
https://www.nseindia.com/companies-listing/raising-capital-sme-itp-public-issues-listing-fees,companies-listing,raising-capital-sme-itp-public-issues-listing-fees,2
https://www.nseindia.com/products-services/about-etfs,products-services,about-etfs,2
https://www.nseindia.com/companies-listing/raising-capital-public-issues-listing-fees,companies-listing,raising-capital-public-issues-listing-fees,2
https://www.nseindia.com/invest/advisory-for-investors,invest,advisory-for-investors,2
https://www.nseindia.com/knowledge-builder-series,,knowledge-builder-series,1
https://www.nseindia.com/products-services/innovators-growth-platform-accredited-investors-contact-us,products-services,innovators-growth-platform-accredited-investors-contact-us,2
https://www.nseindia.com/silver-Jubilee-celebration,,silver-Jubilee-celebration,1
https://www.nseindia.com/nse-clearing/clearing-banks,nse-clearing,clearing-banks,2
https://www.nseindia.com/products-services/equity-derivatives-risk-management-sec-ban,products-services,equity-derivatives-risk-management-sec-ban,2
https://www.nseindia.com/trade/members-code-of-advertisement,trade,members-code-of-advertisement,2
https://www.nseindia.com/nse-investments/financial-information-disclosures,nse-investments,financial-information-disclosures,2
https://www.nseindia.com/products-services/interest-rate-derivatives-margin-payments,products-services,interest-rate-derivatives-margin-payments,2
https://www.nseindia.com/products-services/tri-party-repo-settlement-obligation,products-services,tri-party-repo-settlement-obligation,2
https://www.nseindia.com/products-services/emerge-sme-change-in-market-maker,products-services,emerge-sme-change-in-market-maker,2
https://www.nseindia.com/products-services/equity-derivatives-penalties,products-services,equity-derivatives-penalties,2
https://www.nseindia.com/products-services/indices-nifty500-index,products-services,indices-nifty500-index,2
https://www.nseindia.com/invest/first-time-investor-connect-to-nse,invest,first-time-investor-connect-to-nse,2
https://www.nseindia.com/structure-and-key-personnel/board-of-directors,structure-and-key-personnel,board-of-directors,2
https://www.nseindia.com/nse-clearing/corporate-governance,nse-clearing,corporate-governance,2
https://www.nseindia.com/products-services/tri-party-repo-funds-settlement,products-services,tri-party-repo-funds-settlement,2
https://www.nseindia.com/companies-listing/raising-capital-debt-private-placement-issue-decriptor,companies-listing,raising-capital-debt-private-placement-issue-decriptor,2
https://www.nseindia.com/trade/multiple-membership,trade,multiple-membership,2
https://www.nseindia.com/products-services/interest-rate-derivatives-products,products-services,interest-rate-derivatives-products,2
https://www.nseindia.com/products-services/equity-market-segment,products-services,equity-market-segment,2
https://www.nseindia.com/products-services/etfs-creation-redemptions,products-services,etfs-creation-redemptions,2
https://www.nseindia.com/invest/arbitration-panel,invest,arbitration-panel,2
https://www.nseindia.com/nse-clearing/advisory-committee,nse-clearing,advisory-committee,2
https://www.nseindia.com/regulations/member-compliance-sebi-turnover-fees,regulations,member-compliance-sebi-turnover-fees,2
https://www.nseindia.com/products-services/currency-derivatives-violations,products-services,currency-derivatives-violations,2
https://www.nseindia.com/learn/self-study-ncfm-modules-intermediate-fundamental-analysis,learn,self-study-ncfm-modules-intermediate-fundamental-analysis,2
https://www.nseindia.com/trade/members-faqs-actual-settlement-of-funds-and-securities,trade,members-faqs-actual-settlement-of-funds-and-securities,2
https://www.nseindia.com/products-services/commodity-derivatives-clearing-members,products-services,commodity-derivatives-clearing-members,2
https://www.nseindia.com/structure-key-personnel/mandatory-committees,structure-key-personnel,mandatory-committees,2
https://www.nseindia.com/products-services/interest-rate-derivatives-contract-specifications-91-day-t-bills,products-services,interest-rate-derivatives-contract-specifications-91-day-t-bills,2
https://www.nseindia.com/learn/nse-rapid-series-program,learn,nse-rapid-series-program,2
https://www.nseindia.com/learn/self-study-ncfm-modules-advanced-options-trading-module,learn,self-study-ncfm-modules-advanced-options-trading-module,2
https://www.nseindia.com/trade/e-ofs-faqs,trade,e-ofs-faqs,2
https://www.nseindia.com/products-services/interest-rate-derivatives-contract-specifications-mibor,products-services,interest-rate-derivatives-contract-specifications-mibor,2
https://www.nseindia.com/nse-clearing/announcements,nse-clearing,announcements,2
https://www.nseindia.com/nseint_clearing/nse-international-clearing-capital-structure,nseint_clearing,nse-international-clearing-capital-structure,2
https://www.nseindia.com/products-services/emerge-institutional-trading-platform,products-services,emerge-institutional-trading-platform,2
https://www.nseindia.com/learn/self-study-ncfm-modules-advanced-financial-markets-module,learn,self-study-ncfm-modules-advanced-financial-markets-module,2
https://www.nseindia.com/products-services/etfs-equity,products-services,etfs-equity,2
https://www.nseindia.com/learn/self-study-ncfm-modules-intermediate-insurance-module,learn,self-study-ncfm-modules-intermediate-insurance-module,2
https://www.nseindia.com/learn/nse-academy-mkcl-financial-literacy-program,learn,nse-academy-mkcl-financial-literacy-program,2
https://www.nseindia.com/products-services/emerge-contact-us,products-services,emerge-contact-us,2
https://www.nseindia.com/products-services/equity-market-format-collaterals,products-services,equity-market-format-collaterals,2
https://www.nseindia.com/learn/self-study-ncfm-modules-foundation-securities-market,learn,self-study-ncfm-modules-foundation-securities-market,2
https://www.nseindia.com/companies-listing/raising-capital-public-issues-idr-process,companies-listing,raising-capital-public-issues-idr-process,2
https://www.nseindia.com/trade/members-direct-market-access,trade,members-direct-market-access,2
https://www.nseindia.com/products-services/initial-public-offerings-faqs,products-services,initial-public-offerings-faqs,2
https://www.nseindia.com/nse-data-and-analytics/neat-on-web-now,nse-data-and-analytics,neat-on-web-now,2
https://www.nseindia.com/products-services/interest-rate-derivatives-margins,products-services,interest-rate-derivatives-margins,2
https://www.nseindia.com/learn/proficiency-certificate,learn,proficiency-certificate,2
https://www.nseindia.com/structure-key-personnel/product-advisory-committee,structure-key-personnel,product-advisory-committee,2
https://www.nseindia.com/products-services/equity-derivatives-securities-transaction-tax,products-services,equity-derivatives-securities-transaction-tax,2
https://www.nseindia.com/launch-of-nse-knowledge-hub,,launch-of-nse-knowledge-hub,1
https://www.nseindia.com/trade/platform-services-user-id-ctcl-id,trade,platform-services-user-id-ctcl-id,2
https://www.nseindia.com/products-services/about-nmf-platform-key-benefits,products-services,about-nmf-platform-key-benefits,2
https://www.nseindia.com/products-services/negotiated-trade-reporting-platform-reporting-system,products-services,negotiated-trade-reporting-platform-reporting-system,2
https://www.nseindia.com/nse-data-and-analytics/committees,nse-data-and-analytics,committees,2
https://www.nseindia.com/nse-foundation/csr-elder-care,nse-foundation,csr-elder-care,2
https://www.nseindia.com/products-services/about-institutional-placement-program,products-services,about-institutional-placement-program,2
https://www.nseindia.com/products-services/innovators-growth-platform-migration-to-the-mainboard,products-services,innovators-growth-platform-migration-to-the-mainboard,2
https://www.nseindia.com/products-services/indices-indiavix-index,products-services,indices-indiavix-index,2
https://www.nseindia.com/market-data/debt-market-negotiated-trades-reporting,market-data,debt-market-negotiated-trades-reporting,2
https://www.nseindia.com/products-services/innovators-growth-platform-process-of-onboarding,products-services,innovators-growth-platform-process-of-onboarding,2
https://www.nseindia.com/nse-india-etf-conference-2019,,nse-india-etf-conference-2019,1
https://www.nseindia.com/products-services/real-estate-investment-trusts-reits,products-services,real-estate-investment-trusts-reits,2
https://www.nseindia.com/products-services/emerge-sme-market-makers-list,products-services,emerge-sme-market-makers-list,2
https://www.nseindia.com/companies-listing/corporate-filings-voting-results,companies-listing,corporate-filings-voting-results,2
https://www.nseindia.com/products-services/infrastructure-investment-trusts-invit,products-services,infrastructure-investment-trusts-invit,2
https://www.nseindia.com/products-services/equity-market-internet-trading,products-services,equity-market-internet-trading,2
https://www.nseindia.com/products-services/currency-derivatives-settlement-schedule,products-services,currency-derivatives-settlement-schedule,2
https://www.nseindia.com/products-services/etfs-world-indices,products-services,etfs-world-indices,2
https://www.nseindia.com/nse-international-exchange/notifications,nse-international-exchange,notifications,2
https://www.nseindia.com/nse-clearing/subscribe-to-sms-alert,nse-clearing,subscribe-to-sms-alert,2
https://www.nseindia.com/products-services/emerge-sme-trader-workstation,products-services,emerge-sme-trader-workstation,2
https://www.nseindia.com/companies-listing/corporate-filings-investor-complaints,companies-listing,corporate-filings-investor-complaints,2
https://www.nseindia.com/products-services/tri-party-repo-maintenance-depository-account,products-services,tri-party-repo-maintenance-depository-account,2
https://www.nseindia.com/products-services/equity-market-liquid-assets,products-services,equity-market-liquid-assets,2
https://www.nseindia.com/products-services/commodity-derivatives-data-reports-download,products-services,commodity-derivatives-data-reports-download,2
https://www.nseindia.com/products-services/equity-derivatives-clearing-banks,products-services,equity-derivatives-clearing-banks,2
https://www.nseindia.com/resources/exchange-communication-circulars?type=emerge,resources,exchange-communication-circulars,2
https://www.nseindia.com/nse-clearing/corporate-actions,nse-clearing,corporate-actions,2
https://www.nseindia.com/trade/transferring-membership,trade,transferring-membership,2
https://www.nseindia.com/products-services/emerge-institutional-trading-platform-trading-system,products-services,emerge-institutional-trading-platform-trading-system,2
https://www.nseindia.com/products-services/equity-market-electronic-reporting,products-services,equity-market-electronic-reporting,2
https://www.nseindia.com/products-services/equity-derivatives-margins,products-services,equity-derivatives-margins,2
https://www.nseindia.com/products-services/equity-derivatives-trading-system,products-services,equity-derivatives-trading-system,2
https://www.nseindia.com/trade/login-without-tap-direct-connection-faqs,trade,login-without-tap-direct-connection-faqs,2
https://www.nseindia.com/trade/additional-segment-enablement-faqs,trade,additional-segment-enablement-faqs,2
https://www.nseindia.com/market-data/index-performances,market-data,index-performances,2
https://www.nseindia.com/nse-clearing/depositories,nse-clearing,depositories,2
https://www.nseindia.com/products-services/emerge-institutional-trading-platform-internet-trading,products-services,emerge-institutional-trading-platform-internet-trading,2
https://www.nseindia.com/market-data/debt-market-reporting-corporate-bonds-traded-on-exchange,market-data,debt-market-reporting-corporate-bonds-traded-on-exchange,2
https://www.nseindia.com/products-services/currency-derivatives-clearing-banks,products-services,currency-derivatives-clearing-banks,2
https://www.nseindia.com/products-services/etfs-structure,products-services,etfs-structure,2
https://www.nseindia.com/nseint_clearing/nse-international-clearing-milestones,nseint_clearing,nse-international-clearing-milestones,2
https://www.nseindia.com/nse-data-and-analytics/nse-fixed-income-valuations,nse-data-and-analytics,nse-fixed-income-valuations,2
https://www.nseindia.com/nseit/board-of-directors,nseit,board-of-directors,2
https://www.nseindia.com/products-services/commodity-derivatives-client-margin-reporting,products-services,commodity-derivatives-client-margin-reporting,2
https://www.nseindia.com/nse-clearing/board-of-directors,nse-clearing,board-of-directors,2
https://www.nseindia.com/trade/proprietary-trading-faqs,trade,proprietary-trading-faqs,2
https://www.nseindia.com/trade/platform-services-neat-trading-system-protocols,trade,platform-services-neat-trading-system-protocols,2
https://www.nseindia.com/companies-listing/corporate-filings-regulation-31-event,companies-listing,corporate-filings-regulation-31-event,2
https://www.nseindia.com/products-services/equity-market-cross-margining,products-services,equity-market-cross-margining,2
https://www.nseindia.com/nse-indices/financial-information-disclosures,nse-indices,financial-information-disclosures,2
https://www.nseindia.com/nse-international-exchange/disclosure-financials,nse-international-exchange,disclosure-financials,2
https://www.nseindia.com/companies-listing/raising-capital-debt-private-placement-fees,companies-listing,raising-capital-debt-private-placement-fees,2
https://www.nseindia.com/products-services/currency-derivatives-clearing-members,products-services,currency-derivatives-clearing-members,2
https://www.nseindia.com/products-services/indices-sectoral,products-services,indices-sectoral,2
https://www.nseindia.com/learn/self-study-ncfm-modules-foundation-modules,learn,self-study-ncfm-modules-foundation-modules,2
https://www.nseindia.com/companies-listing/raising-capital-public-issues-model-listing-agreement,companies-listing,raising-capital-public-issues-model-listing-agreement,2
https://www.nseindia.com/products-services/indices-customised,products-services,indices-customised,2
https://www.nseindia.com/products-services/commodity-derivatives-margin-payments,products-services,commodity-derivatives-margin-payments,2
https://www.nseindia.com/trade/authorised-for-membership,trade,authorised-for-membership,2
https://www.nseindia.com/companies-listing/corporate-filings-regulation-7-non-promoter,companies-listing,corporate-filings-regulation-7-non-promoter,2
https://www.nseindia.com/nse-international-exchange/membership-process,nse-international-exchange,membership-process,2
https://www.nseindia.com/trade/trade-drop-copy-facility-faqs,trade,trade-drop-copy-facility-faqs,2
https://www.nseindia.com/products-services/negotiated-trade-reporting-platform-timings-holidays,products-services,negotiated-trade-reporting-platform-timings-holidays,2
https://www.nseindia.com/products-services/commodity-derivatives-violations,products-services,commodity-derivatives-violations,2
https://www.nseindia.com/products-services/non-competitive-bidding-how-to-invest-g-sec,products-services,non-competitive-bidding-how-to-invest-g-sec,2
https://www.nseindia.com/products-services/commodity-derivatives-computer-to-computer-link-trading-ctcl,products-services,commodity-derivatives-computer-to-computer-link-trading-ctcl,2
https://www.nseindia.com/trade/members-status-reports,trade,members-status-reports,2
https://www.nseindia.com/learn/online-courses-certifications-recorded-finance-for-non-finance-managers,learn,online-courses-certifications-recorded-finance-for-non-finance-managers,2
https://www.nseindia.com/learn/self-study-ncfm-modules-intermediate-banking-sector-module,learn,self-study-ncfm-modules-intermediate-banking-sector-module,2
https://www.nseindia.com/invest/check-trades-bids-verify-sgb-bids,invest,check-trades-bids-verify-sgb-bids,2
https://www.nseindia.com/resources/insights-lecture-series-nse-iea-financial-economics,resources,insights-lecture-series-nse-iea-financial-economics,2
https://www.nseindia.com/companies-listing/corporate-filings-regulation-29-promoters,companies-listing,corporate-filings-regulation-29-promoters,2
https://www.nseindia.com/products-services/equity-derivatives-clearing-members,products-services,equity-derivatives-clearing-members,2
https://www.nseindia.com/products-services/indices-niftynext50-index,products-services,indices-niftynext50-index,2
https://www.nseindia.com/products-services/slbs-risk-management,products-services,slbs-risk-management,2
https://www.nseindia.com/trade/non-neat-front-end-approval-process-faqs,trade,non-neat-front-end-approval-process-faqs,2
https://www.nseindia.com/products-services/mf-clearing-settlement,products-services,mf-clearing-settlement,2
https://www.nseindia.com/companies-listing/corporate-filings-financial-results-comparision,companies-listing,corporate-filings-financial-results-comparision,2
https://www.nseindia.com/products-services/corporate-bonds-participants,products-services,corporate-bonds-participants,2
https://www.nseindia.com/invest/defaulters-committee,invest,defaulters-committee,2
https://www.nseindia.com/products-services/equity-derivatives-data-reports-margin,products-services,equity-derivatives-data-reports-margin,2
https://www.nseindia.com/learn/self-study-ncfm-modules-intermediate-back-office-operations-module,learn,self-study-ncfm-modules-intermediate-back-office-operations-module,2
https://www.nseindia.com/products-services/currency-derivatives-settlement-mechanism,products-services,currency-derivatives-settlement-mechanism,2
https://www.nseindia.com/market-data/sme-market,market-data,sme-market,2
https://www.nseindia.com/invest/arbitration-panel-commodity-derivatives,invest,arbitration-panel-commodity-derivatives,2
https://www.nseindia.com/trade/fees-charges-for-membership,trade,fees-charges-for-membership,2
https://www.nseindia.com/products-services/currency-derivatives-data-reports-download,products-services,currency-derivatives-data-reports-download,2
https://www.nseindia.com/investor-relations/company-secretary-compliance-officer,investor-relations,company-secretary-compliance-officer,2
https://www.nseindia.com/products-services/equity-derivatives-collaterals-formats,products-services,equity-derivatives-collaterals-formats,2
https://www.nseindia.com/learn/capital-market-analytics,learn,capital-market-analytics,2
https://www.nseindia.com/nse-foundation/csr-partners,nse-foundation,csr-partners,2
https://www.nseindia.com/products-services/about-nmf-getting-on-to,products-services,about-nmf-getting-on-to,2
https://www.nseindia.com/trade/platform-services-non-neat-ctcl,trade,platform-services-non-neat-ctcl,2
https://www.nseindia.com/invest/first-time-investor-rajiv-gandhi-equity-savings-scheme,invest,first-time-investor-rajiv-gandhi-equity-savings-scheme,2
https://www.nseindia.com/launch-of-rfq-platform,,launch-of-rfq-platform,1
https://www.nseindia.com/products-services/etfs-applications,products-services,etfs-applications,2
https://www.nseindia.com/products-services/initial-public-offerings-reverse-book-building,products-services,initial-public-offerings-reverse-book-building,2
https://www.nseindia.com/market-data/price-band-hitters,market-data,price-band-hitters,2
https://www.nseindia.com/learn/intraday-trading-strategies,learn,intraday-trading-strategies,2
https://www.nseindia.com/products-services/indices-niftysmallcap250-index,products-services,indices-niftysmallcap250-index,2
https://www.nseindia.com/products-services/equity-market-data-reports-download,products-services,equity-market-data-reports-download,2
https://www.nseindia.com/products-services/equity-market-clearing-settlement,products-services,equity-market-clearing-settlement,2
https://www.nseindia.com/products-services/offer-for-sale-eod-report-status,products-services,offer-for-sale-eod-report-status,2
https://www.nseindia.com/nse-clearing/custodians,nse-clearing,custodians,2
https://www.nseindia.com/invest/investor-protection-fund-trust,invest,investor-protection-fund-trust,2
https://www.nseindia.com/learn/online-courses-certifications-live-online-research-trading-advisory,learn,online-courses-certifications-live-online-research-trading-advisory,2
https://www.nseindia.com/get-quotes/derivatives?symbol=HINDPETRO,get-quotes,derivatives,2
https://www.nseindia.com/get-quotes/equity?symbol=QGOLDHALF,get-quotes,equity,2
https://www.nseindia.com/get-quotes/derivatives?symbol=SRTRANSFIN,get-quotes,derivatives,2
https://www.nseindia.com/get-quotes/derivatives?symbol=CADILAHC,get-quotes,derivatives,2
https://www.nseindia.com/get-quotes/equity?symbol=KOTAKBKETF,get-quotes,equity,2
https://www.nseindia.com/get-quotes/equity?symbol=RELCNX100,get-quotes,equity,2
https://www.nseindia.com/get-quotes/equity?symbol=DPWIRES,get-quotes,equity,2
https://www.nseindia.com/get-quotes/derivatives?symbol=BEL,get-quotes,derivatives,2
https://www.nseindia.com/get-quotes/derivatives?symbol=IDFCFIRSTB,get-quotes,derivatives,2
https://www.nseindia.com/get-quotes/equity?symbol=SIRCA,get-quotes,equity,2
https://www.nseindia.com/get-quotes/derivatives?symbol=VOLTAS,get-quotes,derivatives,2
https://www.nseindia.com/get-quotes/equity?symbol=ICICINIFTY,get-quotes,equity,2
https://www.nseindia.com/get-quotes/derivatives?symbol=CANBK,get-quotes,derivatives,2
https://www.nseindia.com/get-quotes/derivatives?symbol=WIPRO,get-quotes,derivatives,2
https://www.nseindia.com/get-quotes/derivatives?symbol=SUNPHARMA,get-quotes,derivatives,2
https://www.nseindia.com/get-quotes/derivatives?symbol=COLPAL,get-quotes,derivatives,2
https://www.nseindia.com/get-quotes/equity?symbol=JASH,get-quotes,equity,2
https://www.nseindia.com/get-quotes/equity?symbol=RRSLGETF,get-quotes,equity,2
https://www.nseindia.com/get-quotes/equity?symbol=NETFNIF100,get-quotes,equity,2
https://www.nseindia.com/get-quotes/derivatives?symbol=MANAPPURAM,get-quotes,derivatives,2
https://www.nseindia.com/get-quotes/derivatives?symbol=HDFC,get-quotes,derivatives,2
https://www.nseindia.com/get-quotes/equity?symbol=KRISHANA,get-quotes,equity,2
https://www.nseindia.com/get-quotes/derivatives?symbol=ICICIPRULI,get-quotes,derivatives,2
https://www.nseindia.com/get-quotes/equity?symbol=IPGETF,get-quotes,equity,2
https://www.nseindia.com/get-quotes/equity?symbol=LICNMFET,get-quotes,equity,2
https://www.nseindia.com/get-quotes/equity?symbol=RELIGAREGO,get-quotes,equity,2
https://www.nseindia.com/fundamentals-of-trading-gold-options,,fundamentals-of-trading-gold-options,1
https://www.nseindia.com/get-quotes/derivatives?symbol=FEDERALBNK,get-quotes,derivatives,2
https://www.nseindia.com/get-quotes/equity?symbol=BSLGOLDETF,get-quotes,equity,2
https://www.nseindia.com/get-quotes/derivatives?symbol=SRF,get-quotes,derivatives,2
https://www.nseindia.com/get-quotes/equity?symbol=AKASH,get-quotes,equity,2
https://www.nseindia.com/get-quotes/equity?symbol=SAKAR,get-quotes,equity,2
https://www.nseindia.com/get-quotes/derivatives?symbol=VEDL,get-quotes,derivatives,2
https://www.nseindia.com/get-quotes/derivatives?symbol=GAIL,get-quotes,derivatives,2
https://www.nseindia.com/get-quotes/equity?symbol=HNGSNGBEES,get-quotes,equity,2
https://www.nseindia.com/get-quotes/equity?symbol=SUMIT,get-quotes,equity,2
https://www.nseindia.com/get-quotes/equity?symbol=ICICISENSX,get-quotes,equity,2
https://www.nseindia.com/get-quotes/derivatives?symbol=TATACONSUM,get-quotes,derivatives,2
https://www.nseindia.com/get-quotes/equity?symbol=KAPSTON,get-quotes,equity,2
https://www.nseindia.com/get-quotes/equity?symbol=ONEPOINT,get-quotes,equity,2
https://www.nseindia.com/event-details-listing-ceremony-libas-designs,,event-details-listing-ceremony-libas-designs,1
https://www.nseindia.com/get-quotes/equity?symbol=M100,get-quotes,equity,2
https://www.nseindia.com/get-quotes/derivatives?symbol=ICICIBANK,get-quotes,derivatives,2
https://www.nseindia.com/get-quotes/derivatives?symbol=JSWSTEEL,get-quotes,derivatives,2
https://www.nseindia.com/get-quotes/equity?symbol=PANACHE,get-quotes,equity,2
https://www.nseindia.com/get-quotes/derivatives?symbol=HDFCBANK,get-quotes,derivatives,2
https://www.nseindia.com/get-quotes/derivatives?symbol=TCS,get-quotes,derivatives,2
https://www.nseindia.com/get-quotes/derivatives?symbol=ASHOKLEY,get-quotes,derivatives,2
https://www.nseindia.com/get-quotes/derivatives?symbol=LICHSGFIN,get-quotes,derivatives,2
https://www.nseindia.com/get-quotes/derivatives?symbol=GMRINFRA,get-quotes,derivatives,2
https://www.nseindia.com/get-quotes/derivatives?symbol=UBL,get-quotes,derivatives,2
https://www.nseindia.com/get-quotes/derivatives?symbol=RBLBANK,get-quotes,derivatives,2
https://www.nseindia.com/get-quotes/equity?symbol=LIBAS,get-quotes,equity,2
https://www.nseindia.com/get-quotes/derivatives?symbol=NATIONALUM,get-quotes,derivatives,2
https://www.nseindia.com/get-quotes/equity?symbol=NIFTY,get-quotes,equity,2
https://www.nseindia.com/reports/foreign-investment-limits,reports,foreign-investment-limits,2
https://www.nseindia.com/get-quotes/derivatives?symbol=NMDC,get-quotes,derivatives,2
https://www.nseindia.com/products-services/equity-market-listing-today,products-services,equity-market-listing-today,2
https://www.nseindia.com/event-details-listing-ceremony-bharat-bond-etf,,event-details-listing-ceremony-bharat-bond-etf,1
https://www.nseindia.com/get-quotes/equity?symbol=ZOTA,get-quotes,equity,2
https://www.nseindia.com/get-quotes/derivatives?symbol=HINDALCO,get-quotes,derivatives,2
https://www.nseindia.com/get-quotes/equity?symbol=VERTOZ,get-quotes,equity,2
https://www.nseindia.com/get-quotes/derivatives?symbol=SHREECEM,get-quotes,derivatives,2
https://www.nseindia.com/market-data/live-equity-market?symbol=NIFTY%20IT,market-data,live-equity-market,2
https://www.nseindia.com/get-quotes/equity?symbol=AARVI,get-quotes,equity,2
https://www.nseindia.com/get-quotes/equity?symbol=TOTAL,get-quotes,equity,2
https://www.nseindia.com/get-quotes/derivatives?symbol=INFY,get-quotes,derivatives,2
https://www.nseindia.com/get-quotes/derivatives?symbol=DLF,get-quotes,derivatives,2
https://www.nseindia.com/get-quotes/equity?symbol=AIRAN,get-quotes,equity,2
https://www.nseindia.com/get-quotes/derivatives?symbol=UPL,get-quotes,derivatives,2
https://www.nseindia.com/get-quotes/derivatives?symbol=TATASTEEL,get-quotes,derivatives,2
https://www.nseindia.com/get-quotes/derivatives?symbol=BAJFINANCE,get-quotes,derivatives,2
https://www.nseindia.com/get-quotes/derivatives?symbol=LT,get-quotes,derivatives,2
https://www.nseindia.com/get-quotes/equity?symbol=VAISHALI,get-quotes,equity,2
https://www.nseindia.com/get-quotes/derivatives?symbol=TORNTPOWER,get-quotes,derivatives,2
https://www.nseindia.com/get-quotes/derivatives?symbol=BOSCHLTD,get-quotes,derivatives,2
https://www.nseindia.com/event-details-listing-ceremony-indiamart-intermesh,,event-details-listing-ceremony-indiamart-intermesh,1
https://www.nseindia.com/get-quotes/equity?symbol=TIRUPATIFL,get-quotes,equity,2
https://www.nseindia.com/get-quotes/derivatives?symbol=BIOCON,get-quotes,derivatives,2
https://www.nseindia.com/get-quotes/derivatives?symbol=BHARTIARTL,get-quotes,derivatives,2
https://www.nseindia.com/get-quotes/derivatives?symbol=MINDTREE,get-quotes,derivatives,2
https://www.nseindia.com/get-quotes/derivatives?symbol=MRF,get-quotes,derivatives,2
https://www.nseindia.com/get-quotes/derivatives?symbol=TECHM,get-quotes,derivatives,2
https://www.nseindia.com/get-quotes/derivatives?symbol=TORNTPHARM,get-quotes,derivatives,2
https://www.nseindia.com/event-details-listing-ceremony-spandana-sphoorty,,event-details-listing-ceremony-spandana-sphoorty,1
https://www.nseindia.com/get-quotes/equity?symbol=RELCONS,get-quotes,equity,2
https://www.nseindia.com/get-quotes/derivatives?symbol=KOTAKBANK,get-quotes,derivatives,2
https://www.nseindia.com/get-quotes/derivatives?symbol=JINDALSTEL,get-quotes,derivatives,2
https://www.nseindia.com/get-quotes/derivatives?symbol=PIDILITIND,get-quotes,derivatives,2
https://www.nseindia.com/get-quotes/derivatives?symbol=BAJAJ-AUTO,get-quotes,derivatives,2
https://www.nseindia.com/get-quotes/derivatives?symbol=SBIN,get-quotes,derivatives,2
https://www.nseindia.com/get-quotes/derivatives?symbol=AXISBANK,get-quotes,derivatives,2
https://www.nseindia.com/get-quotes/derivatives?symbol=DIVISLAB,get-quotes,derivatives,2
https://www.nseindia.com/get-quotes/derivatives?symbol=MGL,get-quotes,derivatives,2
https://www.nseindia.com/get-quotes/equity?symbol=WORTH,get-quotes,equity,2
https://www.nseindia.com/get-quotes/derivatives?symbol=PAGEIND,get-quotes,derivatives,2
https://www.nseindia.com/get-quotes/derivatives?symbol=GLENMARK,get-quotes,derivatives,2
https://www.nseindia.com/get-quotes/equity?symbol=HDFCMFGETF,get-quotes,equity,2
https://www.nseindia.com/get-quotes/derivatives?symbol=INDIGO,get-quotes,derivatives,2
https://www.nseindia.com/get-quotes/derivatives?symbol=BANDHANBNK,get-quotes,derivatives,2
https://www.nseindia.com/get-quotes/derivatives?symbol=BRITANNIA,get-quotes,derivatives,2
https://www.nseindia.com/get-quotes/equity?symbol=QNIFTY,get-quotes,equity,2
https://www.nseindia.com/get-quotes/equity?symbol=STEELCITY,get-quotes,equity,2
https://www.nseindia.com/get-quotes/derivatives?symbol=NTPC,get-quotes,derivatives,2
https://www.nseindia.com/get-quotes/equity?symbol=INFRABEES,get-quotes,equity,2
https://www.nseindia.com/get-quotes/derivatives?symbol=TATACHEM,get-quotes,derivatives,2
https://www.nseindia.com/get-quotes/equity?symbol=KOTAKPSUBK,get-quotes,equity,2
https://www.nseindia.com/get-quotes/equity?symbol=AIFL,get-quotes,equity,2
https://www.nseindia.com/get-quotes/equity?symbol=SBIGETS,get-quotes,equity,2
https://www.nseindia.com/get-quotes/derivatives?symbol=CHOLAFIN,get-quotes,derivatives,2
https://www.nseindia.com/get-quotes/equity?symbol=VETO,get-quotes,equity,2
https://www.nseindia.com/get-quotes/derivatives?symbol=EICHERMOT,get-quotes,derivatives,2
https://www.nseindia.com/get-quotes/derivatives?symbol=ONGC,get-quotes,derivatives,2
https://www.nseindia.com/get-quotes/derivatives?symbol=IDEA,get-quotes,derivatives,2
https://www.nseindia.com/get-quotes/equity?symbol=MAHESHWARI,get-quotes,equity,2
https://www.nseindia.com/get-quotes/equity?symbol=SAGARDEEP,get-quotes,equity,2
https://www.nseindia.com/get-quotes/derivatives?symbol=AMBUJACEM,get-quotes,derivatives,2
https://www.nseindia.com/get-quotes/equity?symbol=SETFNN50,get-quotes,equity,2
https://www.nseindia.com/get-quotes/equity?symbol=UNIVASTU,get-quotes,equity,2
https://www.nseindia.com/get-quotes/derivatives?symbol=SAIL,get-quotes,derivatives,2
https://www.nseindia.com/get-quotes/equity?symbol=AGROPHOS,get-quotes,equity,2
https://www.nseindia.com/get-quotes/derivatives?symbol=MARUTI,get-quotes,derivatives,2
https://www.nseindia.com/get-quotes/equity?symbol=CANGOLD,get-quotes,equity,2
https://www.nseindia.com/get-quotes/derivatives?symbol=BHEL,get-quotes,derivatives,2
https://www.nseindia.com/get-quotes/equity?symbol=SILLYMONKS,get-quotes,equity,2
https://www.nseindia.com/get-quotes/derivatives?symbol=BPCL,get-quotes,derivatives,2
https://www.nseindia.com/get-quotes/equity?symbol=GOLDBEES,get-quotes,equity,2
https://www.nseindia.com/get-quotes/derivatives?symbol=ZEEL,get-quotes,derivatives,2
https://www.nseindia.com/managing-fx-liquidity-risk-in-global-crisis-1,,managing-fx-liquidity-risk-in-global-crisis-1,1
https://www.nseindia.com/managing-fx-liquidity-risk-in-global-crisis-2,,managing-fx-liquidity-risk-in-global-crisis-2,1
https://www.nseindia.com/impact-of-covid-19-on-agricultural-economy-of-india-and-the-way-ahead,,impact-of-covid-19-on-agricultural-economy-of-india-and-the-way-ahead,1
https://www.nseindia.com/get-quotes/equity?symbol=SETFNIF50,get-quotes,equity,2
https://www.nseindia.com/get-quotes/equity?symbol=KOTAKGOLD,get-quotes,equity,2
https://www.nseindia.com/get-quotes/derivatives?symbol=MUTHOOTFIN,get-quotes,derivatives,2
https://www.nseindia.com/get-quotes/equity?symbol=BANKBEES,get-quotes,equity,2
https://www.nseindia.com/get-quotes/derivatives?symbol=INDUSINDBK,get-quotes,derivatives,2
https://www.nseindia.com/get-quotes/equity?symbol=ICICINF100,get-quotes,equity,2
https://www.nseindia.com/get-quotes/derivatives?symbol=LUPIN,get-quotes,derivatives,2
https://www.nseindia.com/get-quotes/equity?symbol=IDBIGOLD,get-quotes,equity,2
https://www.nseindia.com/get-quotes/equity?symbol=N100,get-quotes,equity,2
https://www.nseindia.com/get-quotes/equity?symbol=SETFNIFBK,get-quotes,equity,2
https://www.nseindia.com/get-quotes/equity?symbol=GOLDSHARE,get-quotes,equity,2
https://www.nseindia.com/get-quotes/equity?symbol=ICICIB22,get-quotes,equity,2
https://www.nseindia.com/get-quotes/derivatives?symbol=BHARATFORG,get-quotes,derivatives,2
https://www.nseindia.com/get-quotes/equity?symbol=JUNIORBEES,get-quotes,equity,2
https://www.nseindia.com/event-details-listing-ceremony-csb-bank-limited,,event-details-listing-ceremony-csb-bank-limited,1
https://www.nseindia.com/get-quotes/derivatives?symbol=SUNTV,get-quotes,derivatives,2
https://www.nseindia.com/get-quotes/derivatives?symbol=BATAINDIA,get-quotes,derivatives,2
https://www.nseindia.com/get-quotes/equity?symbol=NIFTYEES,get-quotes,equity,2
https://www.nseindia.com/get-quotes/equity?symbol=GEEKAYWIRE,get-quotes,equity,2
https://www.nseindia.com/get-quotes/equity?symbol=BSLNIFTY,get-quotes,equity,2
https://www.nseindia.com/get-quotes/equity?symbol=SHRENIK,get-quotes,equity,2
https://www.nseindia.com/get-quotes/derivatives?symbol=IBULHSGFIN,get-quotes,derivatives,2
https://www.nseindia.com/get-quotes/equity?symbol=UTISENSETF,get-quotes,equity,2
https://www.nseindia.com/get-quotes/derivatives?symbol=TATAMOTORS,get-quotes,derivatives,2
https://www.nseindia.com/get-quotes/equity?symbol=TOUCHWOOD,get-quotes,equity,2
https://www.nseindia.com/event-details-listing-ceremony-salasar-exteriors-and-contour,,event-details-listing-ceremony-salasar-exteriors-and-contour,1
https://www.nseindia.com/get-quotes/equity?symbol=NETFDIVOPP,get-quotes,equity,2
https://www.nseindia.com/get-quotes/derivatives?symbol=PEL,get-quotes,derivatives,2
https://www.nseindia.com/get-quotes/derivatives?symbol=PFC,get-quotes,derivatives,2
https://www.nseindia.com/get-quotes/derivatives?symbol=ESCORTS,get-quotes,derivatives,2
https://www.nseindia.com/get-quotes/equity?symbol=IVZINNIFTY,get-quotes,equity,2
https://www.nseindia.com/get-quotes/derivatives?symbol=COALINDIA,get-quotes,derivatives,2
https://www.nseindia.com/get-quotes/derivatives?symbol=MFSL,get-quotes,derivatives,2
https://www.nseindia.com/get-quotes/derivatives?symbol=SBILIFE,get-quotes,derivatives,2
https://www.nseindia.com/get-quotes/derivatives?symbol=SIEMENS,get-quotes,derivatives,2
https://www.nseindia.com/get-quotes/derivatives?symbol=ADANIENT,get-quotes,derivatives,2
https://www.nseindia.com/get-quotes/derivatives?symbol=NESTLEIND,get-quotes,derivatives,2
https://www.nseindia.com/get-quotes/equity?symbol=SANGINITA,get-quotes,equity,2
https://www.nseindia.com/get-quotes/derivatives?symbol=JUBLFOOD,get-quotes,derivatives,2
https://www.nseindia.com/get-quotes/derivatives?symbol=HINDUNILVR,get-quotes,derivatives,2
https://www.nseindia.com/get-quotes/equity?symbol=NETFCONSUM,get-quotes,equity,2
https://www.nseindia.com/get-quotes/derivatives?symbol=ADANIPORTS,get-quotes,derivatives,2
https://www.nseindia.com/the-new-normal-in-commodities-risk-and-inventory-management,,the-new-normal-in-commodities-risk-and-inventory-management,1
https://www.nseindia.com/get-quotes/derivatives?symbol=MOTHERSUMI,get-quotes,derivatives,2
https://www.nseindia.com/get-quotes/equity?symbol=AXISGOLD,get-quotes,equity,2
https://www.nseindia.com/get-quotes/derivatives?symbol=BERGEPAINT,get-quotes,derivatives,2
https://www.nseindia.com/get-quotes/derivatives?symbol=PVR,get-quotes,derivatives,2
https://www.nseindia.com/get-quotes/derivatives?symbol=POWERGRID,get-quotes,derivatives,2
https://www.nseindia.com/get-quotes/derivatives?symbol=DABUR,get-quotes,derivatives,2
https://www.nseindia.com/get-quotes/derivatives?symbol=MCDOWELL-N,get-quotes,derivatives,2
https://www.nseindia.com/get-quotes/derivatives?symbol=L%26TFH,get-quotes,derivatives,2
https://www.nseindia.com/get-quotes/equity?symbol=SANCO,get-quotes,equity,2
https://www.nseindia.com/get-quotes/derivatives?symbol=GODREJPROP,get-quotes,derivatives,2
https://www.nseindia.com/get-quotes/derivatives?symbol=TVSMOTOR,get-quotes,derivatives,2
https://www.nseindia.com/get-quotes/derivatives?symbol=APOLLOTYRE,get-quotes,derivatives,2
https://www.nseindia.com/get-quotes/equity?symbol=MACPOWER,get-quotes,equity,2
https://www.nseindia.com/event-details-listing-ceremony-mindspace-business-park,,event-details-listing-ceremony-mindspace-business-park,1
https://www.nseindia.com/get-quotes/derivatives?symbol=PNB,get-quotes,derivatives,2
https://www.nseindia.com/get-quotes/equity?symbol=NIFTYBEES,get-quotes,equity,2
https://www.nseindia.com/get-quotes/equity?symbol=MCL,get-quotes,equity,2
https://www.nseindia.com/get-quotes/equity?symbol=CREATIVE,get-quotes,equity,2
https://www.nseindia.com/get-quotes/derivatives?symbol=BANKBARODA,get-quotes,derivatives,2
https://www.nseindia.com/get-quotes/derivatives?symbol=NIFTY,get-quotes,derivatives,2
https://www.nseindia.com/get-quotes/derivatives?symbol=INFRATEL,get-quotes,derivatives,2
https://www.nseindia.com/get-quotes/derivatives?symbol=BAJAJFINSV,get-quotes,derivatives,2
https://www.nseindia.com/get-quotes/derivatives?symbol=CONCOR,get-quotes,derivatives,2
https://www.nseindia.com/get-quotes/derivatives?symbol=BALKRISIND,get-quotes,derivatives,2
https://www.nseindia.com/get-quotes/equity?symbol=MMP,get-quotes,equity,2
https://www.nseindia.com/get-quotes/derivatives?symbol=RECLTD,get-quotes,derivatives,2
https://www.nseindia.com/get-quotes/derivatives?symbol=NAUKRI,get-quotes,derivatives,2
https://www.nseindia.com/get-quotes/equity?symbol=SHARIABEES,get-quotes,equity,2
https://www.nseindia.com/get-quotes/derivatives?symbol=CIPLA,get-quotes,derivatives,2
https://www.nseindia.com/get-quotes/derivatives?symbol=AMARAJABAT,get-quotes,derivatives,2
https://www.nseindia.com/get-quotes/derivatives?symbol=COFORGE,get-quotes,derivatives,2
https://www.nseindia.com/get-quotes/derivatives?symbol=AUROPHARMA,get-quotes,derivatives,2
https://www.nseindia.com/get-quotes/derivatives?symbol=PETRONET,get-quotes,derivatives,2
https://www.nseindia.com/commodity-getquote?symbol=BRCRUDE,,commodity-getquote,1
https://www.nseindia.com/get-quotes/equity?symbol=CPSEETF,get-quotes,equity,2
https://www.nseindia.com/get-quotes/derivatives?symbol=HCLTECH,get-quotes,derivatives,2
https://www.nseindia.com/get-quotes/derivatives?symbol=IGL,get-quotes,derivatives,2
https://www.nseindia.com/get-quotes/equity?symbol=BANKNIFTY,get-quotes,equity,2
https://www.nseindia.com/get-quotes/equity?symbol=RELGOLD,get-quotes,equity,2
https://www.nseindia.com/get-quotes/equity?symbol=HITECH,get-quotes,equity,2
https://www.nseindia.com/event-details-listing-ceremony-ujjivan-small-finance-bank,,event-details-listing-ceremony-ujjivan-small-finance-bank,1
https://www.nseindia.com/get-quotes/derivatives?symbol=BANKNIFTY,get-quotes,derivatives,2
https://www.nseindia.com/get-quotes/equity?symbol=UTINIFTETF,get-quotes,equity,2
https://www.nseindia.com/get-quotes/derivatives?symbol=TITAN,get-quotes,derivatives,2
https://www.nseindia.com/get-quotes/derivatives?symbol=RELIANCE,get-quotes,derivatives,2
https://www.nseindia.com/developments-in-crude-oil-market-2,,developments-in-crude-oil-market-2,1
https://www.nseindia.com/developments-in-crude-oil-market-1,,developments-in-crude-oil-market-1,1
https://www.nseindia.com/get-quotes/derivatives?symbol=M%26M,get-quotes,derivatives,2
https://www.nseindia.com/get-quotes/equity?symbol=INFOBEAN,get-quotes,equity,2
https://www.nseindia.com/get-quotes/equity?symbol=KOTAKNIFTY,get-quotes,equity,2
https://www.nseindia.com/get-quotes/derivatives?symbol=GRASIM,get-quotes,derivatives,2
https://www.nseindia.com/get-quotes/derivatives?symbol=HAVELLS,get-quotes,derivatives,2
https://www.nseindia.com/get-quotes/equity?symbol=LIQUIDBEES,get-quotes,equity,2
https://www.nseindia.com/get-quotes/derivatives?symbol=DRREDDY,get-quotes,derivatives,2
https://www.nseindia.com/get-quotes/derivatives?symbol=ULTRACEMCO,get-quotes,derivatives,2
https://www.nseindia.com/get-quotes/derivatives?symbol=MARICO,get-quotes,derivatives,2
https://www.nseindia.com/get-quotes/derivatives?symbol=APOLLOHOSP,get-quotes,derivatives,2
https://www.nseindia.com/get-quotes/derivatives?symbol=ACC,get-quotes,derivatives,2
https://www.nseindia.com/get-quotes/derivatives?symbol=ITC,get-quotes,derivatives,2
https://www.nseindia.com/non-competitive-bidding-in-g-sec,,non-competitive-bidding-in-g-sec,1
https://www.nseindia.com/get-quotes/derivatives?symbol=HDFCLIFE,get-quotes,derivatives,2
https://www.nseindia.com/get-quotes/equity?symbol=PSUBNKBEES,get-quotes,equity,2
https://www.nseindia.com/get-quotes/derivatives?symbol=CUMMINSIND,get-quotes,derivatives,2
https://www.nseindia.com/get-quotes/derivatives?symbol=M%26MFIN,get-quotes,derivatives,2
https://www.nseindia.com/get-quotes/derivatives?symbol=IOC,get-quotes,derivatives,2
https://www.nseindia.com/get-quotes/equity?symbol=RELNV20,get-quotes,equity,2
https://www.nseindia.com/get-quotes/equity?symbol=M50,get-quotes,equity,2
https://www.nseindia.com/get-quotes/equity?symbol=SOUTHWEST,get-quotes,equity,2
https://www.nseindia.com/get-quotes/derivatives?symbol=EXIDEIND,get-quotes,derivatives,2
https://www.nseindia.com/get-quotes/equity?symbol=RELDIVOPP,get-quotes,equity,2
https://www.nseindia.com/get-quotes/derivatives?symbol=GODREJCP,get-quotes,derivatives,2
https://www.nseindia.com/get-quotes/equity?symbol=MBAPL,get-quotes,equity,2
https://www.nseindia.com/event-details-listing-ceremony-iifl-wealth-management,,event-details-listing-ceremony-iifl-wealth-management,1
https://www.nseindia.com/get-quotes/derivatives?symbol=ASIANPAINT,get-quotes,derivatives,2
https://www.nseindia.com/get-quotes/derivatives?symbol=RAMCOCEM,get-quotes,derivatives,2
https://www.nseindia.com/get-quotes/derivatives?symbol=TATAPOWER,get-quotes,derivatives,2
https://www.nseindia.com/get-quotes/equity?symbol=MITTAL,get-quotes,equity,2
https://www.nseindia.com/reports/esm,reports,esm,2
